process,command_line,ip,timestamp
2026-03-30 18:07:45,2026-03-30 18:07:45,2026-03-30 18:07:45,2026-03-30 18:07:45
2026-03-30 18:07:46,2026-03-30 18:07:46,2026-03-30 18:07:46,2026-03-30 18:07:46
2026-03-30 18:07:47,2026-03-30 18:07:47,2026-03-30 18:07:47,2026-03-30 18:07:47
2026-03-30 18:07:48,2026-03-30 18:07:48,2026-03-30 18:07:48,2026-03-30 18:07:48
2026-03-30 18:07:49,2026-03-30 18:07:49,2026-03-30 18:07:49,2026-03-30 18:07:49
2026-03-30 18:07:50,2026-03-30 18:07:50,2026-03-30 18:07:50,2026-03-30 18:07:50
2026-03-30 18:07:51,2026-03-30 18:07:51,2026-03-30 18:07:51,2026-03-30 18:07:51
2026-03-30 18:07:52,2026-03-30 18:07:52,2026-03-30 18:07:52,2026-03-30 18:07:52
2026-03-30 18:07:53,2026-03-30 18:07:53,2026-03-30 18:07:53,2026-03-30 18:07:53
2026-03-30 18:07:54,2026-03-30 18:07:54,2026-03-30 18:07:54,2026-03-30 18:07:54
2026-03-30 18:07:55,2026-03-30 18:07:55,2026-03-30 18:07:55,2026-03-30 18:07:55
2026-03-30 18:07:56,2026-03-30 18:07:56,2026-03-30 18:07:56,2026-03-30 18:07:56
2026-03-30 18:07:57,2026-03-30 18:07:57,2026-03-30 18:07:57,2026-03-30 18:07:57
2026-03-30 18:07:58,2026-03-30 18:07:58,2026-03-30 18:07:58,2026-03-30 18:07:58
2026-03-30 18:07:59,2026-03-30 18:07:59,2026-03-30 18:07:59,2026-03-30 18:07:59
2026-03-30 18:08:00,2026-03-30 18:08:00,2026-03-30 18:08:00,2026-03-30 18:08:00
2026-03-30 18:08:01,2026-03-30 18:08:01,2026-03-30 18:08:01,2026-03-30 18:08:01
2026-03-30 18:08:02,2026-03-30 18:08:02,2026-03-30 18:08:02,2026-03-30 18:08:02
2026-03-30 18:08:03,2026-03-30 18:08:03,2026-03-30 18:08:03,2026-03-30 18:08:03
2026-03-30 18:08:04,2026-03-30 18:08:04,2026-03-30 18:08:04,2026-03-30 18:08:04
2026-03-30 18:08:05,2026-03-30 18:08:05,2026-03-30 18:08:05,2026-03-30 18:08:05
2026-03-30 18:08:06,2026-03-30 18:08:06,2026-03-30 18:08:06,2026-03-30 18:08:06
2026-03-30 18:08:07,2026-03-30 18:08:07,2026-03-30 18:08:07,2026-03-30 18:08:07
2026-03-30 18:08:08,2026-03-30 18:08:08,2026-03-30 18:08:08,2026-03-30 18:08:08
2026-03-30 18:08:09,2026-03-30 18:08:09,2026-03-30 18:08:09,2026-03-30 18:08:09
2026-03-30 18:08:10,2026-03-30 18:08:10,2026-03-30 18:08:10,2026-03-30 18:08:10
2026-03-30 18:08:11,2026-03-30 18:08:11,2026-03-30 18:08:11,2026-03-30 18:08:11
2026-03-30 18:08:12,2026-03-30 18:08:12,2026-03-30 18:08:12,2026-03-30 18:08:12
2026-03-30 18:08:13,2026-03-30 18:08:13,2026-03-30 18:08:13,2026-03-30 18:08:13
2026-03-30 18:08:14,2026-03-30 18:08:14,2026-03-30 18:08:14,2026-03-30 18:08:14
2026-03-30 18:08:15,2026-03-30 18:08:15,2026-03-30 18:08:15,2026-03-30 18:08:15
2026-03-30 18:08:16,2026-03-30 18:08:16,2026-03-30 18:08:16,2026-03-30 18:08:16
2026-03-30 18:08:17,2026-03-30 18:08:17,2026-03-30 18:08:17,2026-03-30 18:08:17
2026-03-30 18:08:18,2026-03-30 18:08:18,2026-03-30 18:08:18,2026-03-30 18:08:18
2026-03-30 18:08:19,2026-03-30 18:08:19,2026-03-30 18:08:19,2026-03-30 18:08:19
2026-03-30 18:08:20,2026-03-30 18:08:20,2026-03-30 18:08:20,2026-03-30 18:08:20
2026-03-30 18:08:21,2026-03-30 18:08:21,2026-03-30 18:08:21,2026-03-30 18:08:21
2026-03-30 18:08:22,2026-03-30 18:08:22,2026-03-30 18:08:22,2026-03-30 18:08:22
2026-03-30 18:08:23,2026-03-30 18:08:23,2026-03-30 18:08:23,2026-03-30 18:08:23
2026-03-30 18:08:24,2026-03-30 18:08:24,2026-03-30 18:08:24,2026-03-30 18:08:24
2026-03-30 18:08:25,2026-03-30 18:08:25,2026-03-30 18:08:25,2026-03-30 18:08:25
2026-03-30 18:08:26,2026-03-30 18:08:26,2026-03-30 18:08:26,2026-03-30 18:08:26
2026-03-30 18:08:27,2026-03-30 18:08:27,2026-03-30 18:08:27,2026-03-30 18:08:27
2026-03-30 18:08:28,2026-03-30 18:08:28,2026-03-30 18:08:28,2026-03-30 18:08:28
2026-03-30 18:08:29,2026-03-30 18:08:29,2026-03-30 18:08:29,2026-03-30 18:08:29
2026-03-30 18:08:30,2026-03-30 18:08:30,2026-03-30 18:08:30,2026-03-30 18:08:30
2026-03-30 18:08:31,2026-03-30 18:08:31,2026-03-30 18:08:31,2026-03-30 18:08:31
2026-03-30 18:08:32,2026-03-30 18:08:32,2026-03-30 18:08:32,2026-03-30 18:08:32
2026-03-30 18:08:33,2026-03-30 18:08:33,2026-03-30 18:08:33,2026-03-30 18:08:33
2026-03-30 18:08:34,2026-03-30 18:08:34,2026-03-30 18:08:34,2026-03-30 18:08:34
2026-03-30 18:08:35,2026-03-30 18:08:35,2026-03-30 18:08:35,2026-03-30 18:08:35
2026-03-30 18:08:36,2026-03-30 18:08:36,2026-03-30 18:08:36,2026-03-30 18:08:36
2026-03-30 18:08:37,2026-03-30 18:08:37,2026-03-30 18:08:37,2026-03-30 18:08:37
2026-03-30 18:08:38,2026-03-30 18:08:38,2026-03-30 18:08:38,2026-03-30 18:08:38
2026-03-30 18:08:39,2026-03-30 18:08:39,2026-03-30 18:08:39,2026-03-30 18:08:39
2026-03-30 18:08:40,2026-03-30 18:08:40,2026-03-30 18:08:40,2026-03-30 18:08:40
2026-03-30 18:08:41,2026-03-30 18:08:41,2026-03-30 18:08:41,2026-03-30 18:08:41
2026-03-30 18:08:42,2026-03-30 18:08:42,2026-03-30 18:08:42,2026-03-30 18:08:42
2026-03-30 18:08:43,2026-03-30 18:08:43,2026-03-30 18:08:43,2026-03-30 18:08:43
2026-03-30 18:08:44,2026-03-30 18:08:44,2026-03-30 18:08:44,2026-03-30 18:08:44
2026-03-30 18:08:45,2026-03-30 18:08:45,2026-03-30 18:08:45,2026-03-30 18:08:45
2026-03-30 18:08:46,2026-03-30 18:08:46,2026-03-30 18:08:46,2026-03-30 18:08:46
2026-03-30 18:08:47,2026-03-30 18:08:47,2026-03-30 18:08:47,2026-03-30 18:08:47
2026-03-30 18:08:48,2026-03-30 18:08:48,2026-03-30 18:08:48,2026-03-30 18:08:48
2026-03-30 18:08:49,2026-03-30 18:08:49,2026-03-30 18:08:49,2026-03-30 18:08:49
2026-03-30 18:08:50,2026-03-30 18:08:50,2026-03-30 18:08:50,2026-03-30 18:08:50
2026-03-30 18:08:51,2026-03-30 18:08:51,2026-03-30 18:08:51,2026-03-30 18:08:51
2026-03-30 18:08:52,2026-03-30 18:08:52,2026-03-30 18:08:52,2026-03-30 18:08:52
2026-03-30 18:08:53,2026-03-30 18:08:53,2026-03-30 18:08:53,2026-03-30 18:08:53
2026-03-30 18:08:54,2026-03-30 18:08:54,2026-03-30 18:08:54,2026-03-30 18:08:54
2026-03-30 18:08:55,2026-03-30 18:08:55,2026-03-30 18:08:55,2026-03-30 18:08:55
2026-03-30 18:08:56,2026-03-30 18:08:56,2026-03-30 18:08:56,2026-03-30 18:08:56
2026-03-30 18:08:57,2026-03-30 18:08:57,2026-03-30 18:08:57,2026-03-30 18:08:57
2026-03-30 18:08:58,2026-03-30 18:08:58,2026-03-30 18:08:58,2026-03-30 18:08:58
2026-03-30 18:08:59,2026-03-30 18:08:59,2026-03-30 18:08:59,2026-03-30 18:08:59
2026-03-30 18:09:00,2026-03-30 18:09:00,2026-03-30 18:09:00,2026-03-30 18:09:00
2026-03-30 18:09:01,2026-03-30 18:09:01,2026-03-30 18:09:01,2026-03-30 18:09:01
2026-03-30 18:09:02,2026-03-30 18:09:02,2026-03-30 18:09:02,2026-03-30 18:09:02
2026-03-30 18:09:03,2026-03-30 18:09:03,2026-03-30 18:09:03,2026-03-30 18:09:03
2026-03-30 18:09:04,2026-03-30 18:09:04,2026-03-30 18:09:04,2026-03-30 18:09:04
2026-03-30 18:09:05,2026-03-30 18:09:05,2026-03-30 18:09:05,2026-03-30 18:09:05
2026-03-30 18:09:06,2026-03-30 18:09:06,2026-03-30 18:09:06,2026-03-30 18:09:06
2026-03-30 18:09:07,2026-03-30 18:09:07,2026-03-30 18:09:07,2026-03-30 18:09:07
2026-03-30 18:09:08,2026-03-30 18:09:08,2026-03-30 18:09:08,2026-03-30 18:09:08
2026-03-30 18:09:09,2026-03-30 18:09:09,2026-03-30 18:09:09,2026-03-30 18:09:09
2026-03-30 18:09:10,2026-03-30 18:09:10,2026-03-30 18:09:10,2026-03-30 18:09:10
2026-03-30 18:09:11,2026-03-30 18:09:11,2026-03-30 18:09:11,2026-03-30 18:09:11
2026-03-30 18:09:12,2026-03-30 18:09:12,2026-03-30 18:09:12,2026-03-30 18:09:12
2026-03-30 18:09:13,2026-03-30 18:09:13,2026-03-30 18:09:13,2026-03-30 18:09:13
2026-03-30 18:09:14,2026-03-30 18:09:14,2026-03-30 18:09:14,2026-03-30 18:09:14
2026-03-30 18:09:15,2026-03-30 18:09:15,2026-03-30 18:09:15,2026-03-30 18:09:15
2026-03-30 18:09:16,2026-03-30 18:09:16,2026-03-30 18:09:16,2026-03-30 18:09:16
2026-03-30 18:09:17,2026-03-30 18:09:17,2026-03-30 18:09:17,2026-03-30 18:09:17
2026-03-30 18:09:18,2026-03-30 18:09:18,2026-03-30 18:09:18,2026-03-30 18:09:18
2026-03-30 18:09:19,2026-03-30 18:09:19,2026-03-30 18:09:19,2026-03-30 18:09:19
2026-03-30 18:09:20,2026-03-30 18:09:20,2026-03-30 18:09:20,2026-03-30 18:09:20
2026-03-30 18:09:21,2026-03-30 18:09:21,2026-03-30 18:09:21,2026-03-30 18:09:21
2026-03-30 18:09:22,2026-03-30 18:09:22,2026-03-30 18:09:22,2026-03-30 18:09:22
2026-03-30 18:09:23,2026-03-30 18:09:23,2026-03-30 18:09:23,2026-03-30 18:09:23
2026-03-30 18:09:24,2026-03-30 18:09:24,2026-03-30 18:09:24,2026-03-30 18:09:24
2026-03-30 18:09:25,2026-03-30 18:09:25,2026-03-30 18:09:25,2026-03-30 18:09:25
2026-03-30 18:09:26,2026-03-30 18:09:26,2026-03-30 18:09:26,2026-03-30 18:09:26
2026-03-30 18:09:27,2026-03-30 18:09:27,2026-03-30 18:09:27,2026-03-30 18:09:27
2026-03-30 18:09:28,2026-03-30 18:09:28,2026-03-30 18:09:28,2026-03-30 18:09:28
2026-03-30 18:09:29,2026-03-30 18:09:29,2026-03-30 18:09:29,2026-03-30 18:09:29
2026-03-30 18:09:30,2026-03-30 18:09:30,2026-03-30 18:09:30,2026-03-30 18:09:30
2026-03-30 18:09:31,2026-03-30 18:09:31,2026-03-30 18:09:31,2026-03-30 18:09:31
2026-03-30 18:09:32,2026-03-30 18:09:32,2026-03-30 18:09:32,2026-03-30 18:09:32
2026-03-30 18:09:33,2026-03-30 18:09:33,2026-03-30 18:09:33,2026-03-30 18:09:33
2026-03-30 18:09:34,2026-03-30 18:09:34,2026-03-30 18:09:34,2026-03-30 18:09:34
2026-03-30 18:09:35,2026-03-30 18:09:35,2026-03-30 18:09:35,2026-03-30 18:09:35
2026-03-30 18:09:36,2026-03-30 18:09:36,2026-03-30 18:09:36,2026-03-30 18:09:36
2026-03-30 18:09:37,2026-03-30 18:09:37,2026-03-30 18:09:37,2026-03-30 18:09:37
2026-03-30 18:09:38,2026-03-30 18:09:38,2026-03-30 18:09:38,2026-03-30 18:09:38
2026-03-30 18:09:39,2026-03-30 18:09:39,2026-03-30 18:09:39,2026-03-30 18:09:39
2026-03-30 18:09:40,2026-03-30 18:09:40,2026-03-30 18:09:40,2026-03-30 18:09:40
2026-03-30 18:09:41,2026-03-30 18:09:41,2026-03-30 18:09:41,2026-03-30 18:09:41
2026-03-30 18:09:42,2026-03-30 18:09:42,2026-03-30 18:09:42,2026-03-30 18:09:42
2026-03-30 18:09:43,2026-03-30 18:09:43,2026-03-30 18:09:43,2026-03-30 18:09:43
2026-03-30 18:09:44,2026-03-30 18:09:44,2026-03-30 18:09:44,2026-03-30 18:09:44
2026-03-30 18:09:45,2026-03-30 18:09:45,2026-03-30 18:09:45,2026-03-30 18:09:45
2026-03-30 18:09:46,2026-03-30 18:09:46,2026-03-30 18:09:46,2026-03-30 18:09:46
2026-03-30 18:09:47,2026-03-30 18:09:47,2026-03-30 18:09:47,2026-03-30 18:09:47
2026-03-30 18:09:48,2026-03-30 18:09:48,2026-03-30 18:09:48,2026-03-30 18:09:48
2026-03-30 18:09:49,2026-03-30 18:09:49,2026-03-30 18:09:49,2026-03-30 18:09:49
2026-03-30 18:09:50,2026-03-30 18:09:50,2026-03-30 18:09:50,2026-03-30 18:09:50
2026-03-30 18:09:51,2026-03-30 18:09:51,2026-03-30 18:09:51,2026-03-30 18:09:51
2026-03-30 18:09:52,2026-03-30 18:09:52,2026-03-30 18:09:52,2026-03-30 18:09:52
2026-03-30 18:09:53,2026-03-30 18:09:53,2026-03-30 18:09:53,2026-03-30 18:09:53
2026-03-30 18:09:54,2026-03-30 18:09:54,2026-03-30 18:09:54,2026-03-30 18:09:54
2026-03-30 18:09:55,2026-03-30 18:09:55,2026-03-30 18:09:55,2026-03-30 18:09:55
2026-03-30 18:09:56,2026-03-30 18:09:56,2026-03-30 18:09:56,2026-03-30 18:09:56
2026-03-30 18:09:57,2026-03-30 18:09:57,2026-03-30 18:09:57,2026-03-30 18:09:57
2026-03-30 18:09:58,2026-03-30 18:09:58,2026-03-30 18:09:58,2026-03-30 18:09:58
2026-03-30 18:09:59,2026-03-30 18:09:59,2026-03-30 18:09:59,2026-03-30 18:09:59
2026-03-30 18:10:00,2026-03-30 18:10:00,2026-03-30 18:10:00,2026-03-30 18:10:00
2026-03-30 18:10:01,2026-03-30 18:10:01,2026-03-30 18:10:01,2026-03-30 18:10:01
2026-03-30 18:10:02,2026-03-30 18:10:02,2026-03-30 18:10:02,2026-03-30 18:10:02
2026-03-30 18:10:03,2026-03-30 18:10:03,2026-03-30 18:10:03,2026-03-30 18:10:03
2026-03-30 18:10:04,2026-03-30 18:10:04,2026-03-30 18:10:04,2026-03-30 18:10:04
2026-03-30 18:10:05,2026-03-30 18:10:05,2026-03-30 18:10:05,2026-03-30 18:10:05
2026-03-30 18:10:06,2026-03-30 18:10:06,2026-03-30 18:10:06,2026-03-30 18:10:06
2026-03-30 18:10:07,2026-03-30 18:10:07,2026-03-30 18:10:07,2026-03-30 18:10:07
2026-03-30 18:10:08,2026-03-30 18:10:08,2026-03-30 18:10:08,2026-03-30 18:10:08
2026-03-30 18:10:09,2026-03-30 18:10:09,2026-03-30 18:10:09,2026-03-30 18:10:09
2026-03-30 18:10:10,2026-03-30 18:10:10,2026-03-30 18:10:10,2026-03-30 18:10:10
2026-03-30 18:10:11,2026-03-30 18:10:11,2026-03-30 18:10:11,2026-03-30 18:10:11
2026-03-30 18:10:12,2026-03-30 18:10:12,2026-03-30 18:10:12,2026-03-30 18:10:12
2026-03-30 18:10:13,2026-03-30 18:10:13,2026-03-30 18:10:13,2026-03-30 18:10:13
2026-03-30 18:10:14,2026-03-30 18:10:14,2026-03-30 18:10:14,2026-03-30 18:10:14
2026-03-30 18:10:15,2026-03-30 18:10:15,2026-03-30 18:10:15,2026-03-30 18:10:15
2026-03-30 18:10:16,2026-03-30 18:10:16,2026-03-30 18:10:16,2026-03-30 18:10:16
2026-03-30 18:10:17,2026-03-30 18:10:17,2026-03-30 18:10:17,2026-03-30 18:10:17
2026-03-30 18:10:18,2026-03-30 18:10:18,2026-03-30 18:10:18,2026-03-30 18:10:18
2026-03-30 18:10:19,2026-03-30 18:10:19,2026-03-30 18:10:19,2026-03-30 18:10:19
2026-03-30 18:10:20,2026-03-30 18:10:20,2026-03-30 18:10:20,2026-03-30 18:10:20
2026-03-30 18:10:21,2026-03-30 18:10:21,2026-03-30 18:10:21,2026-03-30 18:10:21
2026-03-30 18:10:22,2026-03-30 18:10:22,2026-03-30 18:10:22,2026-03-30 18:10:22
2026-03-30 18:10:23,2026-03-30 18:10:23,2026-03-30 18:10:23,2026-03-30 18:10:23
2026-03-30 18:10:24,2026-03-30 18:10:24,2026-03-30 18:10:24,2026-03-30 18:10:24
2026-03-30 18:10:25,2026-03-30 18:10:25,2026-03-30 18:10:25,2026-03-30 18:10:25
2026-03-30 18:10:26,2026-03-30 18:10:26,2026-03-30 18:10:26,2026-03-30 18:10:26
2026-03-30 18:10:27,2026-03-30 18:10:27,2026-03-30 18:10:27,2026-03-30 18:10:27
2026-03-30 18:10:28,2026-03-30 18:10:28,2026-03-30 18:10:28,2026-03-30 18:10:28
2026-03-30 18:10:29,2026-03-30 18:10:29,2026-03-30 18:10:29,2026-03-30 18:10:29
2026-03-30 18:10:30,2026-03-30 18:10:30,2026-03-30 18:10:30,2026-03-30 18:10:30
2026-03-30 18:10:31,2026-03-30 18:10:31,2026-03-30 18:10:31,2026-03-30 18:10:31
2026-03-30 18:10:32,2026-03-30 18:10:32,2026-03-30 18:10:32,2026-03-30 18:10:32
2026-03-30 18:10:33,2026-03-30 18:10:33,2026-03-30 18:10:33,2026-03-30 18:10:33
2026-03-30 18:10:34,2026-03-30 18:10:34,2026-03-30 18:10:34,2026-03-30 18:10:34
2026-03-30 18:10:35,2026-03-30 18:10:35,2026-03-30 18:10:35,2026-03-30 18:10:35
2026-03-30 18:10:36,2026-03-30 18:10:36,2026-03-30 18:10:36,2026-03-30 18:10:36
2026-03-30 18:10:37,2026-03-30 18:10:37,2026-03-30 18:10:37,2026-03-30 18:10:37
2026-03-30 18:10:38,2026-03-30 18:10:38,2026-03-30 18:10:38,2026-03-30 18:10:38
2026-03-30 18:10:39,2026-03-30 18:10:39,2026-03-30 18:10:39,2026-03-30 18:10:39
2026-03-30 18:10:40,2026-03-30 18:10:40,2026-03-30 18:10:40,2026-03-30 18:10:40
2026-03-30 18:10:41,2026-03-30 18:10:41,2026-03-30 18:10:41,2026-03-30 18:10:41
2026-03-30 18:10:42,2026-03-30 18:10:42,2026-03-30 18:10:42,2026-03-30 18:10:42
2026-03-30 18:10:43,2026-03-30 18:10:43,2026-03-30 18:10:43,2026-03-30 18:10:43
2026-03-30 18:10:44,2026-03-30 18:10:44,2026-03-30 18:10:44,2026-03-30 18:10:44
2026-03-30 18:10:45,2026-03-30 18:10:45,2026-03-30 18:10:45,2026-03-30 18:10:45
2026-03-30 18:10:46,2026-03-30 18:10:46,2026-03-30 18:10:46,2026-03-30 18:10:46
2026-03-30 18:10:47,2026-03-30 18:10:47,2026-03-30 18:10:47,2026-03-30 18:10:47
2026-03-30 18:10:48,2026-03-30 18:10:48,2026-03-30 18:10:48,2026-03-30 18:10:48
2026-03-30 18:10:49,2026-03-30 18:10:49,2026-03-30 18:10:49,2026-03-30 18:10:49
2026-03-30 18:10:50,2026-03-30 18:10:50,2026-03-30 18:10:50,2026-03-30 18:10:50
2026-03-30 18:10:51,2026-03-30 18:10:51,2026-03-30 18:10:51,2026-03-30 18:10:51
2026-03-30 18:10:52,2026-03-30 18:10:52,2026-03-30 18:10:52,2026-03-30 18:10:52
2026-03-30 18:10:53,2026-03-30 18:10:53,2026-03-30 18:10:53,2026-03-30 18:10:53
2026-03-30 18:10:54,2026-03-30 18:10:54,2026-03-30 18:10:54,2026-03-30 18:10:54
2026-03-30 18:10:55,2026-03-30 18:10:55,2026-03-30 18:10:55,2026-03-30 18:10:55
2026-03-30 18:10:56,2026-03-30 18:10:56,2026-03-30 18:10:56,2026-03-30 18:10:56
2026-03-30 18:10:57,2026-03-30 18:10:57,2026-03-30 18:10:57,2026-03-30 18:10:57
2026-03-30 18:10:58,2026-03-30 18:10:58,2026-03-30 18:10:58,2026-03-30 18:10:58
2026-03-30 18:10:59,2026-03-30 18:10:59,2026-03-30 18:10:59,2026-03-30 18:10:59
2026-03-30 18:11:00,2026-03-30 18:11:00,2026-03-30 18:11:00,2026-03-30 18:11:00
2026-03-30 18:11:01,2026-03-30 18:11:01,2026-03-30 18:11:01,2026-03-30 18:11:01
2026-03-30 18:11:02,2026-03-30 18:11:02,2026-03-30 18:11:02,2026-03-30 18:11:02
2026-03-30 18:11:03,2026-03-30 18:11:03,2026-03-30 18:11:03,2026-03-30 18:11:03
2026-03-30 18:11:04,2026-03-30 18:11:04,2026-03-30 18:11:04,2026-03-30 18:11:04
2026-03-30 18:11:05,2026-03-30 18:11:05,2026-03-30 18:11:05,2026-03-30 18:11:05
2026-03-30 18:11:06,2026-03-30 18:11:06,2026-03-30 18:11:06,2026-03-30 18:11:06
2026-03-30 18:11:07,2026-03-30 18:11:07,2026-03-30 18:11:07,2026-03-30 18:11:07
2026-03-30 18:11:08,2026-03-30 18:11:08,2026-03-30 18:11:08,2026-03-30 18:11:08
2026-03-30 18:11:09,2026-03-30 18:11:09,2026-03-30 18:11:09,2026-03-30 18:11:09
2026-03-30 18:11:10,2026-03-30 18:11:10,2026-03-30 18:11:10,2026-03-30 18:11:10
2026-03-30 18:11:11,2026-03-30 18:11:11,2026-03-30 18:11:11,2026-03-30 18:11:11
2026-03-30 18:11:12,2026-03-30 18:11:12,2026-03-30 18:11:12,2026-03-30 18:11:12
2026-03-30 18:11:13,2026-03-30 18:11:13,2026-03-30 18:11:13,2026-03-30 18:11:13
2026-03-30 18:11:14,2026-03-30 18:11:14,2026-03-30 18:11:14,2026-03-30 18:11:14
2026-03-30 18:11:15,2026-03-30 18:11:15,2026-03-30 18:11:15,2026-03-30 18:11:15
2026-03-30 18:11:16,2026-03-30 18:11:16,2026-03-30 18:11:16,2026-03-30 18:11:16
2026-03-30 18:11:17,2026-03-30 18:11:17,2026-03-30 18:11:17,2026-03-30 18:11:17
2026-03-30 18:11:18,2026-03-30 18:11:18,2026-03-30 18:11:18,2026-03-30 18:11:18
2026-03-30 18:11:19,2026-03-30 18:11:19,2026-03-30 18:11:19,2026-03-30 18:11:19
2026-03-30 18:11:20,2026-03-30 18:11:20,2026-03-30 18:11:20,2026-03-30 18:11:20
2026-03-30 18:11:21,2026-03-30 18:11:21,2026-03-30 18:11:21,2026-03-30 18:11:21
2026-03-30 18:11:22,2026-03-30 18:11:22,2026-03-30 18:11:22,2026-03-30 18:11:22
2026-03-30 18:11:23,2026-03-30 18:11:23,2026-03-30 18:11:23,2026-03-30 18:11:23
2026-03-30 18:11:24,2026-03-30 18:11:24,2026-03-30 18:11:24,2026-03-30 18:11:24
2026-03-30 18:11:25,2026-03-30 18:11:25,2026-03-30 18:11:25,2026-03-30 18:11:25
2026-03-30 18:11:26,2026-03-30 18:11:26,2026-03-30 18:11:26,2026-03-30 18:11:26
2026-03-30 18:11:27,2026-03-30 18:11:27,2026-03-30 18:11:27,2026-03-30 18:11:27
2026-03-30 18:11:28,2026-03-30 18:11:28,2026-03-30 18:11:28,2026-03-30 18:11:28
2026-03-30 18:11:29,2026-03-30 18:11:29,2026-03-30 18:11:29,2026-03-30 18:11:29
2026-03-30 18:11:30,2026-03-30 18:11:30,2026-03-30 18:11:30,2026-03-30 18:11:30
2026-03-30 18:11:31,2026-03-30 18:11:31,2026-03-30 18:11:31,2026-03-30 18:11:31
2026-03-30 18:11:32,2026-03-30 18:11:32,2026-03-30 18:11:32,2026-03-30 18:11:32
2026-03-30 18:11:33,2026-03-30 18:11:33,2026-03-30 18:11:33,2026-03-30 18:11:33
2026-03-30 18:11:34,2026-03-30 18:11:34,2026-03-30 18:11:34,2026-03-30 18:11:34
2026-03-30 18:11:35,2026-03-30 18:11:35,2026-03-30 18:11:35,2026-03-30 18:11:35
2026-03-30 18:11:36,2026-03-30 18:11:36,2026-03-30 18:11:36,2026-03-30 18:11:36
2026-03-30 18:11:37,2026-03-30 18:11:37,2026-03-30 18:11:37,2026-03-30 18:11:37
2026-03-30 18:11:38,2026-03-30 18:11:38,2026-03-30 18:11:38,2026-03-30 18:11:38
2026-03-30 18:11:39,2026-03-30 18:11:39,2026-03-30 18:11:39,2026-03-30 18:11:39
2026-03-30 18:11:40,2026-03-30 18:11:40,2026-03-30 18:11:40,2026-03-30 18:11:40
2026-03-30 18:11:41,2026-03-30 18:11:41,2026-03-30 18:11:41,2026-03-30 18:11:41
2026-03-30 18:11:42,2026-03-30 18:11:42,2026-03-30 18:11:42,2026-03-30 18:11:42
2026-03-30 18:11:43,2026-03-30 18:11:43,2026-03-30 18:11:43,2026-03-30 18:11:43
2026-03-30 18:11:44,2026-03-30 18:11:44,2026-03-30 18:11:44,2026-03-30 18:11:44
2026-03-30 18:11:45,2026-03-30 18:11:45,2026-03-30 18:11:45,2026-03-30 18:11:45
2026-03-30 18:11:46,2026-03-30 18:11:46,2026-03-30 18:11:46,2026-03-30 18:11:46
2026-03-30 18:11:47,2026-03-30 18:11:47,2026-03-30 18:11:47,2026-03-30 18:11:47
2026-03-30 18:11:48,2026-03-30 18:11:48,2026-03-30 18:11:48,2026-03-30 18:11:48
2026-03-30 18:11:49,2026-03-30 18:11:49,2026-03-30 18:11:49,2026-03-30 18:11:49
2026-03-30 18:11:50,2026-03-30 18:11:50,2026-03-30 18:11:50,2026-03-30 18:11:50
2026-03-30 18:11:51,2026-03-30 18:11:51,2026-03-30 18:11:51,2026-03-30 18:11:51
2026-03-30 18:11:52,2026-03-30 18:11:52,2026-03-30 18:11:52,2026-03-30 18:11:52
2026-03-30 18:11:53,2026-03-30 18:11:53,2026-03-30 18:11:53,2026-03-30 18:11:53
2026-03-30 18:11:54,2026-03-30 18:11:54,2026-03-30 18:11:54,2026-03-30 18:11:54
2026-03-30 18:11:55,2026-03-30 18:11:55,2026-03-30 18:11:55,2026-03-30 18:11:55
2026-03-30 18:11:56,2026-03-30 18:11:56,2026-03-30 18:11:56,2026-03-30 18:11:56
2026-03-30 18:11:57,2026-03-30 18:11:57,2026-03-30 18:11:57,2026-03-30 18:11:57
2026-03-30 18:11:58,2026-03-30 18:11:58,2026-03-30 18:11:58,2026-03-30 18:11:58
2026-03-30 18:11:59,2026-03-30 18:11:59,2026-03-30 18:11:59,2026-03-30 18:11:59
2026-03-30 18:12:00,2026-03-30 18:12:00,2026-03-30 18:12:00,2026-03-30 18:12:00
2026-03-30 18:12:01,2026-03-30 18:12:01,2026-03-30 18:12:01,2026-03-30 18:12:01
2026-03-30 18:12:02,2026-03-30 18:12:02,2026-03-30 18:12:02,2026-03-30 18:12:02
2026-03-30 18:12:03,2026-03-30 18:12:03,2026-03-30 18:12:03,2026-03-30 18:12:03
2026-03-30 18:12:04,2026-03-30 18:12:04,2026-03-30 18:12:04,2026-03-30 18:12:04
2026-03-30 18:12:05,2026-03-30 18:12:05,2026-03-30 18:12:05,2026-03-30 18:12:05
2026-03-30 18:12:06,2026-03-30 18:12:06,2026-03-30 18:12:06,2026-03-30 18:12:06
2026-03-30 18:12:07,2026-03-30 18:12:07,2026-03-30 18:12:07,2026-03-30 18:12:07
2026-03-30 18:12:08,2026-03-30 18:12:08,2026-03-30 18:12:08,2026-03-30 18:12:08
2026-03-30 18:12:09,2026-03-30 18:12:09,2026-03-30 18:12:09,2026-03-30 18:12:09
2026-03-30 18:12:10,2026-03-30 18:12:10,2026-03-30 18:12:10,2026-03-30 18:12:10
2026-03-30 18:12:11,2026-03-30 18:12:11,2026-03-30 18:12:11,2026-03-30 18:12:11
2026-03-30 18:12:12,2026-03-30 18:12:12,2026-03-30 18:12:12,2026-03-30 18:12:12
2026-03-30 18:12:13,2026-03-30 18:12:13,2026-03-30 18:12:13,2026-03-30 18:12:13
2026-03-30 18:12:14,2026-03-30 18:12:14,2026-03-30 18:12:14,2026-03-30 18:12:14
2026-03-30 18:12:15,2026-03-30 18:12:15,2026-03-30 18:12:15,2026-03-30 18:12:15
2026-03-30 18:12:16,2026-03-30 18:12:16,2026-03-30 18:12:16,2026-03-30 18:12:16
2026-03-30 18:12:17,2026-03-30 18:12:17,2026-03-30 18:12:17,2026-03-30 18:12:17
2026-03-30 18:12:18,2026-03-30 18:12:18,2026-03-30 18:12:18,2026-03-30 18:12:18
2026-03-30 18:12:19,2026-03-30 18:12:19,2026-03-30 18:12:19,2026-03-30 18:12:19
2026-03-30 18:12:20,2026-03-30 18:12:20,2026-03-30 18:12:20,2026-03-30 18:12:20
2026-03-30 18:12:21,2026-03-30 18:12:21,2026-03-30 18:12:21,2026-03-30 18:12:21
2026-03-30 18:12:22,2026-03-30 18:12:22,2026-03-30 18:12:22,2026-03-30 18:12:22
2026-03-30 18:12:23,2026-03-30 18:12:23,2026-03-30 18:12:23,2026-03-30 18:12:23
2026-03-30 18:12:24,2026-03-30 18:12:24,2026-03-30 18:12:24,2026-03-30 18:12:24
2026-03-30 18:12:25,2026-03-30 18:12:25,2026-03-30 18:12:25,2026-03-30 18:12:25
2026-03-30 18:12:26,2026-03-30 18:12:26,2026-03-30 18:12:26,2026-03-30 18:12:26
2026-03-30 18:12:27,2026-03-30 18:12:27,2026-03-30 18:12:27,2026-03-30 18:12:27
2026-03-30 18:12:28,2026-03-30 18:12:28,2026-03-30 18:12:28,2026-03-30 18:12:28
2026-03-30 18:12:29,2026-03-30 18:12:29,2026-03-30 18:12:29,2026-03-30 18:12:29
2026-03-30 18:12:30,2026-03-30 18:12:30,2026-03-30 18:12:30,2026-03-30 18:12:30
2026-03-30 18:12:31,2026-03-30 18:12:31,2026-03-30 18:12:31,2026-03-30 18:12:31
2026-03-30 18:12:32,2026-03-30 18:12:32,2026-03-30 18:12:32,2026-03-30 18:12:32
2026-03-30 18:12:33,2026-03-30 18:12:33,2026-03-30 18:12:33,2026-03-30 18:12:33
2026-03-30 18:12:34,2026-03-30 18:12:34,2026-03-30 18:12:34,2026-03-30 18:12:34
2026-03-30 18:12:35,2026-03-30 18:12:35,2026-03-30 18:12:35,2026-03-30 18:12:35
2026-03-30 18:12:36,2026-03-30 18:12:36,2026-03-30 18:12:36,2026-03-30 18:12:36
2026-03-30 18:12:37,2026-03-30 18:12:37,2026-03-30 18:12:37,2026-03-30 18:12:37
2026-03-30 18:12:38,2026-03-30 18:12:38,2026-03-30 18:12:38,2026-03-30 18:12:38
2026-03-30 18:12:39,2026-03-30 18:12:39,2026-03-30 18:12:39,2026-03-30 18:12:39
2026-03-30 18:12:40,2026-03-30 18:12:40,2026-03-30 18:12:40,2026-03-30 18:12:40
2026-03-30 18:12:41,2026-03-30 18:12:41,2026-03-30 18:12:41,2026-03-30 18:12:41
2026-03-30 18:12:42,2026-03-30 18:12:42,2026-03-30 18:12:42,2026-03-30 18:12:42
2026-03-30 18:12:43,2026-03-30 18:12:43,2026-03-30 18:12:43,2026-03-30 18:12:43
2026-03-30 18:12:44,2026-03-30 18:12:44,2026-03-30 18:12:44,2026-03-30 18:12:44
2026-03-30 18:12:45,2026-03-30 18:12:45,2026-03-30 18:12:45,2026-03-30 18:12:45
2026-03-30 18:12:46,2026-03-30 18:12:46,2026-03-30 18:12:46,2026-03-30 18:12:46
2026-03-30 18:12:47,2026-03-30 18:12:47,2026-03-30 18:12:47,2026-03-30 18:12:47
2026-03-30 18:12:48,2026-03-30 18:12:48,2026-03-30 18:12:48,2026-03-30 18:12:48
2026-03-30 18:12:49,2026-03-30 18:12:49,2026-03-30 18:12:49,2026-03-30 18:12:49
2026-03-30 18:12:50,2026-03-30 18:12:50,2026-03-30 18:12:50,2026-03-30 18:12:50
2026-03-30 18:12:51,2026-03-30 18:12:51,2026-03-30 18:12:51,2026-03-30 18:12:51
2026-03-30 18:12:52,2026-03-30 18:12:52,2026-03-30 18:12:52,2026-03-30 18:12:52
2026-03-30 18:12:53,2026-03-30 18:12:53,2026-03-30 18:12:53,2026-03-30 18:12:53
2026-03-30 18:12:54,2026-03-30 18:12:54,2026-03-30 18:12:54,2026-03-30 18:12:54
2026-03-30 18:12:55,2026-03-30 18:12:55,2026-03-30 18:12:55,2026-03-30 18:12:55
2026-03-30 18:12:56,2026-03-30 18:12:56,2026-03-30 18:12:56,2026-03-30 18:12:56
2026-03-30 18:12:57,2026-03-30 18:12:57,2026-03-30 18:12:57,2026-03-30 18:12:57
2026-03-30 18:12:58,2026-03-30 18:12:58,2026-03-30 18:12:58,2026-03-30 18:12:58
2026-03-30 18:12:59,2026-03-30 18:12:59,2026-03-30 18:12:59,2026-03-30 18:12:59
2026-03-30 18:13:00,2026-03-30 18:13:00,2026-03-30 18:13:00,2026-03-30 18:13:00
2026-03-30 18:13:01,2026-03-30 18:13:01,2026-03-30 18:13:01,2026-03-30 18:13:01
2026-03-30 18:13:02,2026-03-30 18:13:02,2026-03-30 18:13:02,2026-03-30 18:13:02
2026-03-30 18:13:03,2026-03-30 18:13:03,2026-03-30 18:13:03,2026-03-30 18:13:03
2026-03-30 18:13:04,2026-03-30 18:13:04,2026-03-30 18:13:04,2026-03-30 18:13:04
2026-03-30 18:13:05,2026-03-30 18:13:05,2026-03-30 18:13:05,2026-03-30 18:13:05
2026-03-30 18:13:06,2026-03-30 18:13:06,2026-03-30 18:13:06,2026-03-30 18:13:06
2026-03-30 18:13:07,2026-03-30 18:13:07,2026-03-30 18:13:07,2026-03-30 18:13:07
2026-03-30 18:13:08,2026-03-30 18:13:08,2026-03-30 18:13:08,2026-03-30 18:13:08
2026-03-30 18:13:09,2026-03-30 18:13:09,2026-03-30 18:13:09,2026-03-30 18:13:09
2026-03-30 18:13:10,2026-03-30 18:13:10,2026-03-30 18:13:10,2026-03-30 18:13:10
2026-03-30 18:13:11,2026-03-30 18:13:11,2026-03-30 18:13:11,2026-03-30 18:13:11
2026-03-30 18:13:12,2026-03-30 18:13:12,2026-03-30 18:13:12,2026-03-30 18:13:12
2026-03-30 18:13:13,2026-03-30 18:13:13,2026-03-30 18:13:13,2026-03-30 18:13:13
2026-03-30 18:13:14,2026-03-30 18:13:14,2026-03-30 18:13:14,2026-03-30 18:13:14
2026-03-30 18:13:15,2026-03-30 18:13:15,2026-03-30 18:13:15,2026-03-30 18:13:15
2026-03-30 18:13:16,2026-03-30 18:13:16,2026-03-30 18:13:16,2026-03-30 18:13:16
2026-03-30 18:13:17,2026-03-30 18:13:17,2026-03-30 18:13:17,2026-03-30 18:13:17
2026-03-30 18:13:18,2026-03-30 18:13:18,2026-03-30 18:13:18,2026-03-30 18:13:18
2026-03-30 18:13:19,2026-03-30 18:13:19,2026-03-30 18:13:19,2026-03-30 18:13:19
2026-03-30 18:13:20,2026-03-30 18:13:20,2026-03-30 18:13:20,2026-03-30 18:13:20
2026-03-30 18:13:21,2026-03-30 18:13:21,2026-03-30 18:13:21,2026-03-30 18:13:21
2026-03-30 18:13:22,2026-03-30 18:13:22,2026-03-30 18:13:22,2026-03-30 18:13:22
2026-03-30 18:13:23,2026-03-30 18:13:23,2026-03-30 18:13:23,2026-03-30 18:13:23
2026-03-30 18:13:24,2026-03-30 18:13:24,2026-03-30 18:13:24,2026-03-30 18:13:24
2026-03-30 18:13:25,2026-03-30 18:13:25,2026-03-30 18:13:25,2026-03-30 18:13:25
2026-03-30 18:13:26,2026-03-30 18:13:26,2026-03-30 18:13:26,2026-03-30 18:13:26
2026-03-30 18:13:27,2026-03-30 18:13:27,2026-03-30 18:13:27,2026-03-30 18:13:27
2026-03-30 18:13:28,2026-03-30 18:13:28,2026-03-30 18:13:28,2026-03-30 18:13:28
2026-03-30 18:13:29,2026-03-30 18:13:29,2026-03-30 18:13:29,2026-03-30 18:13:29
2026-03-30 18:13:30,2026-03-30 18:13:30,2026-03-30 18:13:30,2026-03-30 18:13:30
2026-03-30 18:13:31,2026-03-30 18:13:31,2026-03-30 18:13:31,2026-03-30 18:13:31
2026-03-30 18:13:32,2026-03-30 18:13:32,2026-03-30 18:13:32,2026-03-30 18:13:32
2026-03-30 18:13:33,2026-03-30 18:13:33,2026-03-30 18:13:33,2026-03-30 18:13:33
2026-03-30 18:13:34,2026-03-30 18:13:34,2026-03-30 18:13:34,2026-03-30 18:13:34
2026-03-30 18:13:35,2026-03-30 18:13:35,2026-03-30 18:13:35,2026-03-30 18:13:35
2026-03-30 18:13:36,2026-03-30 18:13:36,2026-03-30 18:13:36,2026-03-30 18:13:36
2026-03-30 18:13:37,2026-03-30 18:13:37,2026-03-30 18:13:37,2026-03-30 18:13:37
2026-03-30 18:13:38,2026-03-30 18:13:38,2026-03-30 18:13:38,2026-03-30 18:13:38
2026-03-30 18:13:39,2026-03-30 18:13:39,2026-03-30 18:13:39,2026-03-30 18:13:39
2026-03-30 18:13:40,2026-03-30 18:13:40,2026-03-30 18:13:40,2026-03-30 18:13:40
2026-03-30 18:13:41,2026-03-30 18:13:41,2026-03-30 18:13:41,2026-03-30 18:13:41
2026-03-30 18:13:42,2026-03-30 18:13:42,2026-03-30 18:13:42,2026-03-30 18:13:42
2026-03-30 18:13:43,2026-03-30 18:13:43,2026-03-30 18:13:43,2026-03-30 18:13:43
2026-03-30 18:13:44,2026-03-30 18:13:44,2026-03-30 18:13:44,2026-03-30 18:13:44
2026-03-30 18:13:45,2026-03-30 18:13:45,2026-03-30 18:13:45,2026-03-30 18:13:45
2026-03-30 18:13:46,2026-03-30 18:13:46,2026-03-30 18:13:46,2026-03-30 18:13:46
2026-03-30 18:13:47,2026-03-30 18:13:47,2026-03-30 18:13:47,2026-03-30 18:13:47
2026-03-30 18:13:48,2026-03-30 18:13:48,2026-03-30 18:13:48,2026-03-30 18:13:48
2026-03-30 18:13:49,2026-03-30 18:13:49,2026-03-30 18:13:49,2026-03-30 18:13:49
2026-03-30 18:13:50,2026-03-30 18:13:50,2026-03-30 18:13:50,2026-03-30 18:13:50
2026-03-30 18:13:51,2026-03-30 18:13:51,2026-03-30 18:13:51,2026-03-30 18:13:51
2026-03-30 18:13:52,2026-03-30 18:13:52,2026-03-30 18:13:52,2026-03-30 18:13:52
2026-03-30 18:13:53,2026-03-30 18:13:53,2026-03-30 18:13:53,2026-03-30 18:13:53
2026-03-30 18:13:54,2026-03-30 18:13:54,2026-03-30 18:13:54,2026-03-30 18:13:54
2026-03-30 18:13:55,2026-03-30 18:13:55,2026-03-30 18:13:55,2026-03-30 18:13:55
2026-03-30 18:13:56,2026-03-30 18:13:56,2026-03-30 18:13:56,2026-03-30 18:13:56
2026-03-30 18:13:57,2026-03-30 18:13:57,2026-03-30 18:13:57,2026-03-30 18:13:57
2026-03-30 18:13:58,2026-03-30 18:13:58,2026-03-30 18:13:58,2026-03-30 18:13:58
2026-03-30 18:13:59,2026-03-30 18:13:59,2026-03-30 18:13:59,2026-03-30 18:13:59
2026-03-30 18:14:00,2026-03-30 18:14:00,2026-03-30 18:14:00,2026-03-30 18:14:00
2026-03-30 18:14:01,2026-03-30 18:14:01,2026-03-30 18:14:01,2026-03-30 18:14:01
2026-03-30 18:14:02,2026-03-30 18:14:02,2026-03-30 18:14:02,2026-03-30 18:14:02
2026-03-30 18:14:03,2026-03-30 18:14:03,2026-03-30 18:14:03,2026-03-30 18:14:03
2026-03-30 18:14:04,2026-03-30 18:14:04,2026-03-30 18:14:04,2026-03-30 18:14:04
2026-03-30 18:14:05,2026-03-30 18:14:05,2026-03-30 18:14:05,2026-03-30 18:14:05
2026-03-30 18:14:06,2026-03-30 18:14:06,2026-03-30 18:14:06,2026-03-30 18:14:06
2026-03-30 18:14:07,2026-03-30 18:14:07,2026-03-30 18:14:07,2026-03-30 18:14:07
2026-03-30 18:14:08,2026-03-30 18:14:08,2026-03-30 18:14:08,2026-03-30 18:14:08
2026-03-30 18:14:09,2026-03-30 18:14:09,2026-03-30 18:14:09,2026-03-30 18:14:09
2026-03-30 18:14:10,2026-03-30 18:14:10,2026-03-30 18:14:10,2026-03-30 18:14:10
2026-03-30 18:14:11,2026-03-30 18:14:11,2026-03-30 18:14:11,2026-03-30 18:14:11
2026-03-30 18:14:12,2026-03-30 18:14:12,2026-03-30 18:14:12,2026-03-30 18:14:12
2026-03-30 18:14:13,2026-03-30 18:14:13,2026-03-30 18:14:13,2026-03-30 18:14:13
2026-03-30 18:14:14,2026-03-30 18:14:14,2026-03-30 18:14:14,2026-03-30 18:14:14
2026-03-30 18:14:15,2026-03-30 18:14:15,2026-03-30 18:14:15,2026-03-30 18:14:15
2026-03-30 18:14:16,2026-03-30 18:14:16,2026-03-30 18:14:16,2026-03-30 18:14:16
2026-03-30 18:14:17,2026-03-30 18:14:17,2026-03-30 18:14:17,2026-03-30 18:14:17
2026-03-30 18:14:18,2026-03-30 18:14:18,2026-03-30 18:14:18,2026-03-30 18:14:18
2026-03-30 18:14:19,2026-03-30 18:14:19,2026-03-30 18:14:19,2026-03-30 18:14:19
2026-03-30 18:14:20,2026-03-30 18:14:20,2026-03-30 18:14:20,2026-03-30 18:14:20
2026-03-30 18:14:21,2026-03-30 18:14:21,2026-03-30 18:14:21,2026-03-30 18:14:21
2026-03-30 18:14:22,2026-03-30 18:14:22,2026-03-30 18:14:22,2026-03-30 18:14:22
2026-03-30 18:14:23,2026-03-30 18:14:23,2026-03-30 18:14:23,2026-03-30 18:14:23
2026-03-30 18:14:24,2026-03-30 18:14:24,2026-03-30 18:14:24,2026-03-30 18:14:24
2026-03-30 18:14:25,2026-03-30 18:14:25,2026-03-30 18:14:25,2026-03-30 18:14:25
2026-03-30 18:14:26,2026-03-30 18:14:26,2026-03-30 18:14:26,2026-03-30 18:14:26
2026-03-30 18:14:27,2026-03-30 18:14:27,2026-03-30 18:14:27,2026-03-30 18:14:27
2026-03-30 18:14:28,2026-03-30 18:14:28,2026-03-30 18:14:28,2026-03-30 18:14:28
2026-03-30 18:14:29,2026-03-30 18:14:29,2026-03-30 18:14:29,2026-03-30 18:14:29
2026-03-30 18:14:30,2026-03-30 18:14:30,2026-03-30 18:14:30,2026-03-30 18:14:30
2026-03-30 18:14:31,2026-03-30 18:14:31,2026-03-30 18:14:31,2026-03-30 18:14:31
2026-03-30 18:14:32,2026-03-30 18:14:32,2026-03-30 18:14:32,2026-03-30 18:14:32
2026-03-30 18:14:33,2026-03-30 18:14:33,2026-03-30 18:14:33,2026-03-30 18:14:33
2026-03-30 18:14:34,2026-03-30 18:14:34,2026-03-30 18:14:34,2026-03-30 18:14:34
2026-03-30 18:14:35,2026-03-30 18:14:35,2026-03-30 18:14:35,2026-03-30 18:14:35
2026-03-30 18:14:36,2026-03-30 18:14:36,2026-03-30 18:14:36,2026-03-30 18:14:36
2026-03-30 18:14:37,2026-03-30 18:14:37,2026-03-30 18:14:37,2026-03-30 18:14:37
2026-03-30 18:14:38,2026-03-30 18:14:38,2026-03-30 18:14:38,2026-03-30 18:14:38
2026-03-30 18:14:39,2026-03-30 18:14:39,2026-03-30 18:14:39,2026-03-30 18:14:39
2026-03-30 18:14:40,2026-03-30 18:14:40,2026-03-30 18:14:40,2026-03-30 18:14:40
2026-03-30 18:14:41,2026-03-30 18:14:41,2026-03-30 18:14:41,2026-03-30 18:14:41
2026-03-30 18:14:42,2026-03-30 18:14:42,2026-03-30 18:14:42,2026-03-30 18:14:42
2026-03-30 18:14:43,2026-03-30 18:14:43,2026-03-30 18:14:43,2026-03-30 18:14:43
2026-03-30 18:14:44,2026-03-30 18:14:44,2026-03-30 18:14:44,2026-03-30 18:14:44
2026-03-30 18:14:45,2026-03-30 18:14:45,2026-03-30 18:14:45,2026-03-30 18:14:45
2026-03-30 18:14:46,2026-03-30 18:14:46,2026-03-30 18:14:46,2026-03-30 18:14:46
2026-03-30 18:14:47,2026-03-30 18:14:47,2026-03-30 18:14:47,2026-03-30 18:14:47
2026-03-30 18:14:48,2026-03-30 18:14:48,2026-03-30 18:14:48,2026-03-30 18:14:48
2026-03-30 18:14:49,2026-03-30 18:14:49,2026-03-30 18:14:49,2026-03-30 18:14:49
2026-03-30 18:14:50,2026-03-30 18:14:50,2026-03-30 18:14:50,2026-03-30 18:14:50
2026-03-30 18:14:51,2026-03-30 18:14:51,2026-03-30 18:14:51,2026-03-30 18:14:51
2026-03-30 18:14:52,2026-03-30 18:14:52,2026-03-30 18:14:52,2026-03-30 18:14:52
2026-03-30 18:14:53,2026-03-30 18:14:53,2026-03-30 18:14:53,2026-03-30 18:14:53
2026-03-30 18:14:54,2026-03-30 18:14:54,2026-03-30 18:14:54,2026-03-30 18:14:54
2026-03-30 18:14:55,2026-03-30 18:14:55,2026-03-30 18:14:55,2026-03-30 18:14:55
2026-03-30 18:14:56,2026-03-30 18:14:56,2026-03-30 18:14:56,2026-03-30 18:14:56
2026-03-30 18:14:57,2026-03-30 18:14:57,2026-03-30 18:14:57,2026-03-30 18:14:57
2026-03-30 18:14:58,2026-03-30 18:14:58,2026-03-30 18:14:58,2026-03-30 18:14:58
2026-03-30 18:14:59,2026-03-30 18:14:59,2026-03-30 18:14:59,2026-03-30 18:14:59
2026-03-30 18:15:00,2026-03-30 18:15:00,2026-03-30 18:15:00,2026-03-30 18:15:00
2026-03-30 18:15:01,2026-03-30 18:15:01,2026-03-30 18:15:01,2026-03-30 18:15:01
2026-03-30 18:15:02,2026-03-30 18:15:02,2026-03-30 18:15:02,2026-03-30 18:15:02
2026-03-30 18:15:03,2026-03-30 18:15:03,2026-03-30 18:15:03,2026-03-30 18:15:03
2026-03-30 18:15:04,2026-03-30 18:15:04,2026-03-30 18:15:04,2026-03-30 18:15:04
2026-03-30 18:15:05,2026-03-30 18:15:05,2026-03-30 18:15:05,2026-03-30 18:15:05
2026-03-30 18:15:06,2026-03-30 18:15:06,2026-03-30 18:15:06,2026-03-30 18:15:06
2026-03-30 18:15:07,2026-03-30 18:15:07,2026-03-30 18:15:07,2026-03-30 18:15:07
2026-03-30 18:15:08,2026-03-30 18:15:08,2026-03-30 18:15:08,2026-03-30 18:15:08
2026-03-30 18:15:09,2026-03-30 18:15:09,2026-03-30 18:15:09,2026-03-30 18:15:09
2026-03-30 18:15:10,2026-03-30 18:15:10,2026-03-30 18:15:10,2026-03-30 18:15:10
2026-03-30 18:15:11,2026-03-30 18:15:11,2026-03-30 18:15:11,2026-03-30 18:15:11
2026-03-30 18:15:12,2026-03-30 18:15:12,2026-03-30 18:15:12,2026-03-30 18:15:12
2026-03-30 18:15:13,2026-03-30 18:15:13,2026-03-30 18:15:13,2026-03-30 18:15:13
2026-03-30 18:15:14,2026-03-30 18:15:14,2026-03-30 18:15:14,2026-03-30 18:15:14
2026-03-30 18:15:15,2026-03-30 18:15:15,2026-03-30 18:15:15,2026-03-30 18:15:15
2026-03-30 18:15:16,2026-03-30 18:15:16,2026-03-30 18:15:16,2026-03-30 18:15:16
2026-03-30 18:15:17,2026-03-30 18:15:17,2026-03-30 18:15:17,2026-03-30 18:15:17
2026-03-30 18:15:18,2026-03-30 18:15:18,2026-03-30 18:15:18,2026-03-30 18:15:18
2026-03-30 18:15:19,2026-03-30 18:15:19,2026-03-30 18:15:19,2026-03-30 18:15:19
2026-03-30 18:15:20,2026-03-30 18:15:20,2026-03-30 18:15:20,2026-03-30 18:15:20
2026-03-30 18:15:21,2026-03-30 18:15:21,2026-03-30 18:15:21,2026-03-30 18:15:21
2026-03-30 18:15:22,2026-03-30 18:15:22,2026-03-30 18:15:22,2026-03-30 18:15:22
2026-03-30 18:15:23,2026-03-30 18:15:23,2026-03-30 18:15:23,2026-03-30 18:15:23
2026-03-30 18:15:24,2026-03-30 18:15:24,2026-03-30 18:15:24,2026-03-30 18:15:24
2026-03-30 18:15:25,2026-03-30 18:15:25,2026-03-30 18:15:25,2026-03-30 18:15:25
2026-03-30 18:15:26,2026-03-30 18:15:26,2026-03-30 18:15:26,2026-03-30 18:15:26
2026-03-30 18:15:27,2026-03-30 18:15:27,2026-03-30 18:15:27,2026-03-30 18:15:27
2026-03-30 18:15:28,2026-03-30 18:15:28,2026-03-30 18:15:28,2026-03-30 18:15:28
2026-03-30 18:15:29,2026-03-30 18:15:29,2026-03-30 18:15:29,2026-03-30 18:15:29
2026-03-30 18:15:30,2026-03-30 18:15:30,2026-03-30 18:15:30,2026-03-30 18:15:30
2026-03-30 18:15:31,2026-03-30 18:15:31,2026-03-30 18:15:31,2026-03-30 18:15:31
2026-03-30 18:15:32,2026-03-30 18:15:32,2026-03-30 18:15:32,2026-03-30 18:15:32
2026-03-30 18:15:33,2026-03-30 18:15:33,2026-03-30 18:15:33,2026-03-30 18:15:33
2026-03-30 18:15:34,2026-03-30 18:15:34,2026-03-30 18:15:34,2026-03-30 18:15:34
2026-03-30 18:15:35,2026-03-30 18:15:35,2026-03-30 18:15:35,2026-03-30 18:15:35
2026-03-30 18:15:36,2026-03-30 18:15:36,2026-03-30 18:15:36,2026-03-30 18:15:36
2026-03-30 18:15:37,2026-03-30 18:15:37,2026-03-30 18:15:37,2026-03-30 18:15:37
2026-03-30 18:15:38,2026-03-30 18:15:38,2026-03-30 18:15:38,2026-03-30 18:15:38
2026-03-30 18:15:39,2026-03-30 18:15:39,2026-03-30 18:15:39,2026-03-30 18:15:39
2026-03-30 18:15:40,2026-03-30 18:15:40,2026-03-30 18:15:40,2026-03-30 18:15:40
2026-03-30 18:15:41,2026-03-30 18:15:41,2026-03-30 18:15:41,2026-03-30 18:15:41
2026-03-30 18:15:42,2026-03-30 18:15:42,2026-03-30 18:15:42,2026-03-30 18:15:42
2026-03-30 18:15:43,2026-03-30 18:15:43,2026-03-30 18:15:43,2026-03-30 18:15:43
2026-03-30 18:15:44,2026-03-30 18:15:44,2026-03-30 18:15:44,2026-03-30 18:15:44
2026-03-30 18:15:45,2026-03-30 18:15:45,2026-03-30 18:15:45,2026-03-30 18:15:45
2026-03-30 18:15:46,2026-03-30 18:15:46,2026-03-30 18:15:46,2026-03-30 18:15:46
2026-03-30 18:15:47,2026-03-30 18:15:47,2026-03-30 18:15:47,2026-03-30 18:15:47
2026-03-30 18:15:48,2026-03-30 18:15:48,2026-03-30 18:15:48,2026-03-30 18:15:48
2026-03-30 18:15:49,2026-03-30 18:15:49,2026-03-30 18:15:49,2026-03-30 18:15:49
2026-03-30 18:15:50,2026-03-30 18:15:50,2026-03-30 18:15:50,2026-03-30 18:15:50
2026-03-30 18:15:51,2026-03-30 18:15:51,2026-03-30 18:15:51,2026-03-30 18:15:51
2026-03-30 18:15:52,2026-03-30 18:15:52,2026-03-30 18:15:52,2026-03-30 18:15:52
2026-03-30 18:15:53,2026-03-30 18:15:53,2026-03-30 18:15:53,2026-03-30 18:15:53
2026-03-30 18:15:54,2026-03-30 18:15:54,2026-03-30 18:15:54,2026-03-30 18:15:54
2026-03-30 18:15:55,2026-03-30 18:15:55,2026-03-30 18:15:55,2026-03-30 18:15:55
2026-03-30 18:15:56,2026-03-30 18:15:56,2026-03-30 18:15:56,2026-03-30 18:15:56
2026-03-30 18:15:57,2026-03-30 18:15:57,2026-03-30 18:15:57,2026-03-30 18:15:57
2026-03-30 18:15:58,2026-03-30 18:15:58,2026-03-30 18:15:58,2026-03-30 18:15:58
2026-03-30 18:15:59,2026-03-30 18:15:59,2026-03-30 18:15:59,2026-03-30 18:15:59
2026-03-30 18:16:00,2026-03-30 18:16:00,2026-03-30 18:16:00,2026-03-30 18:16:00
2026-03-30 18:16:01,2026-03-30 18:16:01,2026-03-30 18:16:01,2026-03-30 18:16:01
2026-03-30 18:16:02,2026-03-30 18:16:02,2026-03-30 18:16:02,2026-03-30 18:16:02
2026-03-30 18:16:03,2026-03-30 18:16:03,2026-03-30 18:16:03,2026-03-30 18:16:03
2026-03-30 18:16:04,2026-03-30 18:16:04,2026-03-30 18:16:04,2026-03-30 18:16:04
2026-03-30 18:16:05,2026-03-30 18:16:05,2026-03-30 18:16:05,2026-03-30 18:16:05
2026-03-30 18:16:06,2026-03-30 18:16:06,2026-03-30 18:16:06,2026-03-30 18:16:06
2026-03-30 18:16:07,2026-03-30 18:16:07,2026-03-30 18:16:07,2026-03-30 18:16:07
2026-03-30 18:16:08,2026-03-30 18:16:08,2026-03-30 18:16:08,2026-03-30 18:16:08
2026-03-30 18:16:09,2026-03-30 18:16:09,2026-03-30 18:16:09,2026-03-30 18:16:09
2026-03-30 18:16:10,2026-03-30 18:16:10,2026-03-30 18:16:10,2026-03-30 18:16:10
2026-03-30 18:16:11,2026-03-30 18:16:11,2026-03-30 18:16:11,2026-03-30 18:16:11
2026-03-30 18:16:12,2026-03-30 18:16:12,2026-03-30 18:16:12,2026-03-30 18:16:12
2026-03-30 18:16:13,2026-03-30 18:16:13,2026-03-30 18:16:13,2026-03-30 18:16:13
2026-03-30 18:16:14,2026-03-30 18:16:14,2026-03-30 18:16:14,2026-03-30 18:16:14
2026-03-30 18:16:15,2026-03-30 18:16:15,2026-03-30 18:16:15,2026-03-30 18:16:15
2026-03-30 18:16:16,2026-03-30 18:16:16,2026-03-30 18:16:16,2026-03-30 18:16:16
2026-03-30 18:16:17,2026-03-30 18:16:17,2026-03-30 18:16:17,2026-03-30 18:16:17
2026-03-30 18:16:18,2026-03-30 18:16:18,2026-03-30 18:16:18,2026-03-30 18:16:18
2026-03-30 18:16:19,2026-03-30 18:16:19,2026-03-30 18:16:19,2026-03-30 18:16:19
2026-03-30 18:16:20,2026-03-30 18:16:20,2026-03-30 18:16:20,2026-03-30 18:16:20
2026-03-30 18:16:21,2026-03-30 18:16:21,2026-03-30 18:16:21,2026-03-30 18:16:21
2026-03-30 18:16:22,2026-03-30 18:16:22,2026-03-30 18:16:22,2026-03-30 18:16:22
2026-03-30 18:16:23,2026-03-30 18:16:23,2026-03-30 18:16:23,2026-03-30 18:16:23
2026-03-30 18:16:24,2026-03-30 18:16:24,2026-03-30 18:16:24,2026-03-30 18:16:24
2026-03-30 18:16:25,2026-03-30 18:16:25,2026-03-30 18:16:25,2026-03-30 18:16:25
2026-03-30 18:16:26,2026-03-30 18:16:26,2026-03-30 18:16:26,2026-03-30 18:16:26
2026-03-30 18:16:27,2026-03-30 18:16:27,2026-03-30 18:16:27,2026-03-30 18:16:27
2026-03-30 18:16:28,2026-03-30 18:16:28,2026-03-30 18:16:28,2026-03-30 18:16:28
2026-03-30 18:16:29,2026-03-30 18:16:29,2026-03-30 18:16:29,2026-03-30 18:16:29
2026-03-30 18:16:30,2026-03-30 18:16:30,2026-03-30 18:16:30,2026-03-30 18:16:30
2026-03-30 18:16:31,2026-03-30 18:16:31,2026-03-30 18:16:31,2026-03-30 18:16:31
2026-03-30 18:16:32,2026-03-30 18:16:32,2026-03-30 18:16:32,2026-03-30 18:16:32
2026-03-30 18:16:33,2026-03-30 18:16:33,2026-03-30 18:16:33,2026-03-30 18:16:33
2026-03-30 18:16:34,2026-03-30 18:16:34,2026-03-30 18:16:34,2026-03-30 18:16:34
2026-03-30 18:16:35,2026-03-30 18:16:35,2026-03-30 18:16:35,2026-03-30 18:16:35
2026-03-30 18:16:36,2026-03-30 18:16:36,2026-03-30 18:16:36,2026-03-30 18:16:36
2026-03-30 18:16:37,2026-03-30 18:16:37,2026-03-30 18:16:37,2026-03-30 18:16:37
2026-03-30 18:16:38,2026-03-30 18:16:38,2026-03-30 18:16:38,2026-03-30 18:16:38
2026-03-30 18:16:39,2026-03-30 18:16:39,2026-03-30 18:16:39,2026-03-30 18:16:39
2026-03-30 18:16:40,2026-03-30 18:16:40,2026-03-30 18:16:40,2026-03-30 18:16:40
2026-03-30 18:16:41,2026-03-30 18:16:41,2026-03-30 18:16:41,2026-03-30 18:16:41
2026-03-30 18:16:42,2026-03-30 18:16:42,2026-03-30 18:16:42,2026-03-30 18:16:42
2026-03-30 18:16:43,2026-03-30 18:16:43,2026-03-30 18:16:43,2026-03-30 18:16:43
2026-03-30 18:16:44,2026-03-30 18:16:44,2026-03-30 18:16:44,2026-03-30 18:16:44
2026-03-30 18:16:45,2026-03-30 18:16:45,2026-03-30 18:16:45,2026-03-30 18:16:45
2026-03-30 18:16:46,2026-03-30 18:16:46,2026-03-30 18:16:46,2026-03-30 18:16:46
2026-03-30 18:16:47,2026-03-30 18:16:47,2026-03-30 18:16:47,2026-03-30 18:16:47
2026-03-30 18:16:48,2026-03-30 18:16:48,2026-03-30 18:16:48,2026-03-30 18:16:48
2026-03-30 18:16:49,2026-03-30 18:16:49,2026-03-30 18:16:49,2026-03-30 18:16:49
2026-03-30 18:16:50,2026-03-30 18:16:50,2026-03-30 18:16:50,2026-03-30 18:16:50
2026-03-30 18:16:51,2026-03-30 18:16:51,2026-03-30 18:16:51,2026-03-30 18:16:51
2026-03-30 18:16:52,2026-03-30 18:16:52,2026-03-30 18:16:52,2026-03-30 18:16:52
2026-03-30 18:16:53,2026-03-30 18:16:53,2026-03-30 18:16:53,2026-03-30 18:16:53
2026-03-30 18:16:54,2026-03-30 18:16:54,2026-03-30 18:16:54,2026-03-30 18:16:54
2026-03-30 18:16:55,2026-03-30 18:16:55,2026-03-30 18:16:55,2026-03-30 18:16:55
2026-03-30 18:16:56,2026-03-30 18:16:56,2026-03-30 18:16:56,2026-03-30 18:16:56
2026-03-30 18:16:57,2026-03-30 18:16:57,2026-03-30 18:16:57,2026-03-30 18:16:57
2026-03-30 18:16:58,2026-03-30 18:16:58,2026-03-30 18:16:58,2026-03-30 18:16:58
2026-03-30 18:16:59,2026-03-30 18:16:59,2026-03-30 18:16:59,2026-03-30 18:16:59
2026-03-30 18:17:00,2026-03-30 18:17:00,2026-03-30 18:17:00,2026-03-30 18:17:00
2026-03-30 18:17:01,2026-03-30 18:17:01,2026-03-30 18:17:01,2026-03-30 18:17:01
2026-03-30 18:17:02,2026-03-30 18:17:02,2026-03-30 18:17:02,2026-03-30 18:17:02
2026-03-30 18:17:03,2026-03-30 18:17:03,2026-03-30 18:17:03,2026-03-30 18:17:03
2026-03-30 18:17:04,2026-03-30 18:17:04,2026-03-30 18:17:04,2026-03-30 18:17:04
2026-03-30 18:17:05,2026-03-30 18:17:05,2026-03-30 18:17:05,2026-03-30 18:17:05
2026-03-30 18:17:06,2026-03-30 18:17:06,2026-03-30 18:17:06,2026-03-30 18:17:06
2026-03-30 18:17:07,2026-03-30 18:17:07,2026-03-30 18:17:07,2026-03-30 18:17:07
2026-03-30 18:17:08,2026-03-30 18:17:08,2026-03-30 18:17:08,2026-03-30 18:17:08
2026-03-30 18:17:09,2026-03-30 18:17:09,2026-03-30 18:17:09,2026-03-30 18:17:09
2026-03-30 18:17:10,2026-03-30 18:17:10,2026-03-30 18:17:10,2026-03-30 18:17:10
2026-03-30 18:17:11,2026-03-30 18:17:11,2026-03-30 18:17:11,2026-03-30 18:17:11
2026-03-30 18:17:12,2026-03-30 18:17:12,2026-03-30 18:17:12,2026-03-30 18:17:12
2026-03-30 18:17:13,2026-03-30 18:17:13,2026-03-30 18:17:13,2026-03-30 18:17:13
2026-03-30 18:17:14,2026-03-30 18:17:14,2026-03-30 18:17:14,2026-03-30 18:17:14
2026-03-30 18:17:15,2026-03-30 18:17:15,2026-03-30 18:17:15,2026-03-30 18:17:15
2026-03-30 18:17:16,2026-03-30 18:17:16,2026-03-30 18:17:16,2026-03-30 18:17:16
2026-03-30 18:17:17,2026-03-30 18:17:17,2026-03-30 18:17:17,2026-03-30 18:17:17
2026-03-30 18:17:18,2026-03-30 18:17:18,2026-03-30 18:17:18,2026-03-30 18:17:18
2026-03-30 18:17:19,2026-03-30 18:17:19,2026-03-30 18:17:19,2026-03-30 18:17:19
2026-03-30 18:17:20,2026-03-30 18:17:20,2026-03-30 18:17:20,2026-03-30 18:17:20
2026-03-30 18:17:21,2026-03-30 18:17:21,2026-03-30 18:17:21,2026-03-30 18:17:21
2026-03-30 18:17:22,2026-03-30 18:17:22,2026-03-30 18:17:22,2026-03-30 18:17:22
2026-03-30 18:17:23,2026-03-30 18:17:23,2026-03-30 18:17:23,2026-03-30 18:17:23
2026-03-30 18:17:24,2026-03-30 18:17:24,2026-03-30 18:17:24,2026-03-30 18:17:24
2026-03-30 18:17:25,2026-03-30 18:17:25,2026-03-30 18:17:25,2026-03-30 18:17:25
2026-03-30 18:17:26,2026-03-30 18:17:26,2026-03-30 18:17:26,2026-03-30 18:17:26
2026-03-30 18:17:27,2026-03-30 18:17:27,2026-03-30 18:17:27,2026-03-30 18:17:27
2026-03-30 18:17:28,2026-03-30 18:17:28,2026-03-30 18:17:28,2026-03-30 18:17:28
2026-03-30 18:17:29,2026-03-30 18:17:29,2026-03-30 18:17:29,2026-03-30 18:17:29
2026-03-30 18:17:30,2026-03-30 18:17:30,2026-03-30 18:17:30,2026-03-30 18:17:30
2026-03-30 18:17:31,2026-03-30 18:17:31,2026-03-30 18:17:31,2026-03-30 18:17:31
2026-03-30 18:17:32,2026-03-30 18:17:32,2026-03-30 18:17:32,2026-03-30 18:17:32
2026-03-30 18:17:33,2026-03-30 18:17:33,2026-03-30 18:17:33,2026-03-30 18:17:33
2026-03-30 18:17:34,2026-03-30 18:17:34,2026-03-30 18:17:34,2026-03-30 18:17:34
2026-03-30 18:17:35,2026-03-30 18:17:35,2026-03-30 18:17:35,2026-03-30 18:17:35
2026-03-30 18:17:36,2026-03-30 18:17:36,2026-03-30 18:17:36,2026-03-30 18:17:36
2026-03-30 18:17:37,2026-03-30 18:17:37,2026-03-30 18:17:37,2026-03-30 18:17:37
2026-03-30 18:17:38,2026-03-30 18:17:38,2026-03-30 18:17:38,2026-03-30 18:17:38
2026-03-30 18:17:39,2026-03-30 18:17:39,2026-03-30 18:17:39,2026-03-30 18:17:39
2026-03-30 18:17:40,2026-03-30 18:17:40,2026-03-30 18:17:40,2026-03-30 18:17:40
2026-03-30 18:17:41,2026-03-30 18:17:41,2026-03-30 18:17:41,2026-03-30 18:17:41
2026-03-30 18:17:42,2026-03-30 18:17:42,2026-03-30 18:17:42,2026-03-30 18:17:42
2026-03-30 18:17:43,2026-03-30 18:17:43,2026-03-30 18:17:43,2026-03-30 18:17:43
2026-03-30 18:17:44,2026-03-30 18:17:44,2026-03-30 18:17:44,2026-03-30 18:17:44
2026-03-30 18:17:45,2026-03-30 18:17:45,2026-03-30 18:17:45,2026-03-30 18:17:45
2026-03-30 18:17:46,2026-03-30 18:17:46,2026-03-30 18:17:46,2026-03-30 18:17:46
2026-03-30 18:17:47,2026-03-30 18:17:47,2026-03-30 18:17:47,2026-03-30 18:17:47
2026-03-30 18:17:48,2026-03-30 18:17:48,2026-03-30 18:17:48,2026-03-30 18:17:48
2026-03-30 18:17:49,2026-03-30 18:17:49,2026-03-30 18:17:49,2026-03-30 18:17:49
2026-03-30 18:17:50,2026-03-30 18:17:50,2026-03-30 18:17:50,2026-03-30 18:17:50
2026-03-30 18:17:51,2026-03-30 18:17:51,2026-03-30 18:17:51,2026-03-30 18:17:51
2026-03-30 18:17:52,2026-03-30 18:17:52,2026-03-30 18:17:52,2026-03-30 18:17:52
2026-03-30 18:17:53,2026-03-30 18:17:53,2026-03-30 18:17:53,2026-03-30 18:17:53
2026-03-30 18:17:54,2026-03-30 18:17:54,2026-03-30 18:17:54,2026-03-30 18:17:54
2026-03-30 18:17:55,2026-03-30 18:17:55,2026-03-30 18:17:55,2026-03-30 18:17:55
2026-03-30 18:17:56,2026-03-30 18:17:56,2026-03-30 18:17:56,2026-03-30 18:17:56
2026-03-30 18:17:57,2026-03-30 18:17:57,2026-03-30 18:17:57,2026-03-30 18:17:57
2026-03-30 18:17:58,2026-03-30 18:17:58,2026-03-30 18:17:58,2026-03-30 18:17:58
2026-03-30 18:17:59,2026-03-30 18:17:59,2026-03-30 18:17:59,2026-03-30 18:17:59
2026-03-30 18:18:00,2026-03-30 18:18:00,2026-03-30 18:18:00,2026-03-30 18:18:00
2026-03-30 18:18:01,2026-03-30 18:18:01,2026-03-30 18:18:01,2026-03-30 18:18:01
2026-03-30 18:18:02,2026-03-30 18:18:02,2026-03-30 18:18:02,2026-03-30 18:18:02
2026-03-30 18:18:03,2026-03-30 18:18:03,2026-03-30 18:18:03,2026-03-30 18:18:03
2026-03-30 18:18:04,2026-03-30 18:18:04,2026-03-30 18:18:04,2026-03-30 18:18:04
2026-03-30 18:18:05,2026-03-30 18:18:05,2026-03-30 18:18:05,2026-03-30 18:18:05
2026-03-30 18:18:06,2026-03-30 18:18:06,2026-03-30 18:18:06,2026-03-30 18:18:06
2026-03-30 18:18:07,2026-03-30 18:18:07,2026-03-30 18:18:07,2026-03-30 18:18:07
2026-03-30 18:18:08,2026-03-30 18:18:08,2026-03-30 18:18:08,2026-03-30 18:18:08
2026-03-30 18:18:09,2026-03-30 18:18:09,2026-03-30 18:18:09,2026-03-30 18:18:09
2026-03-30 18:18:10,2026-03-30 18:18:10,2026-03-30 18:18:10,2026-03-30 18:18:10
2026-03-30 18:18:11,2026-03-30 18:18:11,2026-03-30 18:18:11,2026-03-30 18:18:11
2026-03-30 18:18:12,2026-03-30 18:18:12,2026-03-30 18:18:12,2026-03-30 18:18:12
2026-03-30 18:18:13,2026-03-30 18:18:13,2026-03-30 18:18:13,2026-03-30 18:18:13
2026-03-30 18:18:14,2026-03-30 18:18:14,2026-03-30 18:18:14,2026-03-30 18:18:14
2026-03-30 18:18:15,2026-03-30 18:18:15,2026-03-30 18:18:15,2026-03-30 18:18:15
2026-03-30 18:18:16,2026-03-30 18:18:16,2026-03-30 18:18:16,2026-03-30 18:18:16
2026-03-30 18:18:17,2026-03-30 18:18:17,2026-03-30 18:18:17,2026-03-30 18:18:17
2026-03-30 18:18:18,2026-03-30 18:18:18,2026-03-30 18:18:18,2026-03-30 18:18:18
2026-03-30 18:18:19,2026-03-30 18:18:19,2026-03-30 18:18:19,2026-03-30 18:18:19
2026-03-30 18:18:20,2026-03-30 18:18:20,2026-03-30 18:18:20,2026-03-30 18:18:20
2026-03-30 18:18:21,2026-03-30 18:18:21,2026-03-30 18:18:21,2026-03-30 18:18:21
2026-03-30 18:18:22,2026-03-30 18:18:22,2026-03-30 18:18:22,2026-03-30 18:18:22
2026-03-30 18:18:23,2026-03-30 18:18:23,2026-03-30 18:18:23,2026-03-30 18:18:23
2026-03-30 18:18:24,2026-03-30 18:18:24,2026-03-30 18:18:24,2026-03-30 18:18:24
2026-03-30 18:18:25,2026-03-30 18:18:25,2026-03-30 18:18:25,2026-03-30 18:18:25
2026-03-30 18:18:26,2026-03-30 18:18:26,2026-03-30 18:18:26,2026-03-30 18:18:26
2026-03-30 18:18:27,2026-03-30 18:18:27,2026-03-30 18:18:27,2026-03-30 18:18:27
2026-03-30 18:18:28,2026-03-30 18:18:28,2026-03-30 18:18:28,2026-03-30 18:18:28
2026-03-30 18:18:29,2026-03-30 18:18:29,2026-03-30 18:18:29,2026-03-30 18:18:29
2026-03-30 18:18:30,2026-03-30 18:18:30,2026-03-30 18:18:30,2026-03-30 18:18:30
2026-03-30 18:18:31,2026-03-30 18:18:31,2026-03-30 18:18:31,2026-03-30 18:18:31
2026-03-30 18:18:32,2026-03-30 18:18:32,2026-03-30 18:18:32,2026-03-30 18:18:32
2026-03-30 18:18:33,2026-03-30 18:18:33,2026-03-30 18:18:33,2026-03-30 18:18:33
2026-03-30 18:18:34,2026-03-30 18:18:34,2026-03-30 18:18:34,2026-03-30 18:18:34
2026-03-30 18:18:35,2026-03-30 18:18:35,2026-03-30 18:18:35,2026-03-30 18:18:35
2026-03-30 18:18:36,2026-03-30 18:18:36,2026-03-30 18:18:36,2026-03-30 18:18:36
2026-03-30 18:18:37,2026-03-30 18:18:37,2026-03-30 18:18:37,2026-03-30 18:18:37
2026-03-30 18:18:38,2026-03-30 18:18:38,2026-03-30 18:18:38,2026-03-30 18:18:38
2026-03-30 18:18:39,2026-03-30 18:18:39,2026-03-30 18:18:39,2026-03-30 18:18:39
2026-03-30 18:18:40,2026-03-30 18:18:40,2026-03-30 18:18:40,2026-03-30 18:18:40
2026-03-30 18:18:41,2026-03-30 18:18:41,2026-03-30 18:18:41,2026-03-30 18:18:41
2026-03-30 18:18:42,2026-03-30 18:18:42,2026-03-30 18:18:42,2026-03-30 18:18:42
2026-03-30 18:18:43,2026-03-30 18:18:43,2026-03-30 18:18:43,2026-03-30 18:18:43
2026-03-30 18:18:44,2026-03-30 18:18:44,2026-03-30 18:18:44,2026-03-30 18:18:44
2026-03-30 18:18:45,2026-03-30 18:18:45,2026-03-30 18:18:45,2026-03-30 18:18:45
2026-03-30 18:18:46,2026-03-30 18:18:46,2026-03-30 18:18:46,2026-03-30 18:18:46
2026-03-30 18:18:47,2026-03-30 18:18:47,2026-03-30 18:18:47,2026-03-30 18:18:47
2026-03-30 18:18:48,2026-03-30 18:18:48,2026-03-30 18:18:48,2026-03-30 18:18:48
2026-03-30 18:18:49,2026-03-30 18:18:49,2026-03-30 18:18:49,2026-03-30 18:18:49
2026-03-30 18:18:50,2026-03-30 18:18:50,2026-03-30 18:18:50,2026-03-30 18:18:50
2026-03-30 18:18:51,2026-03-30 18:18:51,2026-03-30 18:18:51,2026-03-30 18:18:51
2026-03-30 18:18:52,2026-03-30 18:18:52,2026-03-30 18:18:52,2026-03-30 18:18:52
2026-03-30 18:18:53,2026-03-30 18:18:53,2026-03-30 18:18:53,2026-03-30 18:18:53
2026-03-30 18:18:54,2026-03-30 18:18:54,2026-03-30 18:18:54,2026-03-30 18:18:54
2026-03-30 18:18:55,2026-03-30 18:18:55,2026-03-30 18:18:55,2026-03-30 18:18:55
2026-03-30 18:18:56,2026-03-30 18:18:56,2026-03-30 18:18:56,2026-03-30 18:18:56
2026-03-30 18:18:57,2026-03-30 18:18:57,2026-03-30 18:18:57,2026-03-30 18:18:57
2026-03-30 18:18:58,2026-03-30 18:18:58,2026-03-30 18:18:58,2026-03-30 18:18:58
2026-03-30 18:18:59,2026-03-30 18:18:59,2026-03-30 18:18:59,2026-03-30 18:18:59
2026-03-30 18:19:00,2026-03-30 18:19:00,2026-03-30 18:19:00,2026-03-30 18:19:00
2026-03-30 18:19:01,2026-03-30 18:19:01,2026-03-30 18:19:01,2026-03-30 18:19:01
2026-03-30 18:19:02,2026-03-30 18:19:02,2026-03-30 18:19:02,2026-03-30 18:19:02
2026-03-30 18:19:03,2026-03-30 18:19:03,2026-03-30 18:19:03,2026-03-30 18:19:03
2026-03-30 18:19:04,2026-03-30 18:19:04,2026-03-30 18:19:04,2026-03-30 18:19:04
2026-03-30 18:19:05,2026-03-30 18:19:05,2026-03-30 18:19:05,2026-03-30 18:19:05
2026-03-30 18:19:06,2026-03-30 18:19:06,2026-03-30 18:19:06,2026-03-30 18:19:06
2026-03-30 18:19:07,2026-03-30 18:19:07,2026-03-30 18:19:07,2026-03-30 18:19:07
2026-03-30 18:19:08,2026-03-30 18:19:08,2026-03-30 18:19:08,2026-03-30 18:19:08
2026-03-30 18:19:09,2026-03-30 18:19:09,2026-03-30 18:19:09,2026-03-30 18:19:09
2026-03-30 18:19:10,2026-03-30 18:19:10,2026-03-30 18:19:10,2026-03-30 18:19:10
2026-03-30 18:19:11,2026-03-30 18:19:11,2026-03-30 18:19:11,2026-03-30 18:19:11
2026-03-30 18:19:12,2026-03-30 18:19:12,2026-03-30 18:19:12,2026-03-30 18:19:12
2026-03-30 18:19:13,2026-03-30 18:19:13,2026-03-30 18:19:13,2026-03-30 18:19:13
2026-03-30 18:19:14,2026-03-30 18:19:14,2026-03-30 18:19:14,2026-03-30 18:19:14
2026-03-30 18:19:15,2026-03-30 18:19:15,2026-03-30 18:19:15,2026-03-30 18:19:15
2026-03-30 18:19:16,2026-03-30 18:19:16,2026-03-30 18:19:16,2026-03-30 18:19:16
2026-03-30 18:19:17,2026-03-30 18:19:17,2026-03-30 18:19:17,2026-03-30 18:19:17
2026-03-30 18:19:18,2026-03-30 18:19:18,2026-03-30 18:19:18,2026-03-30 18:19:18
2026-03-30 18:19:19,2026-03-30 18:19:19,2026-03-30 18:19:19,2026-03-30 18:19:19
2026-03-30 18:19:20,2026-03-30 18:19:20,2026-03-30 18:19:20,2026-03-30 18:19:20
2026-03-30 18:19:21,2026-03-30 18:19:21,2026-03-30 18:19:21,2026-03-30 18:19:21
2026-03-30 18:19:22,2026-03-30 18:19:22,2026-03-30 18:19:22,2026-03-30 18:19:22
2026-03-30 18:19:23,2026-03-30 18:19:23,2026-03-30 18:19:23,2026-03-30 18:19:23
2026-03-30 18:19:24,2026-03-30 18:19:24,2026-03-30 18:19:24,2026-03-30 18:19:24
2026-03-30 18:19:25,2026-03-30 18:19:25,2026-03-30 18:19:25,2026-03-30 18:19:25
2026-03-30 18:19:26,2026-03-30 18:19:26,2026-03-30 18:19:26,2026-03-30 18:19:26
2026-03-30 18:19:27,2026-03-30 18:19:27,2026-03-30 18:19:27,2026-03-30 18:19:27
2026-03-30 18:19:28,2026-03-30 18:19:28,2026-03-30 18:19:28,2026-03-30 18:19:28
2026-03-30 18:19:29,2026-03-30 18:19:29,2026-03-30 18:19:29,2026-03-30 18:19:29
2026-03-30 18:19:30,2026-03-30 18:19:30,2026-03-30 18:19:30,2026-03-30 18:19:30
2026-03-30 18:19:31,2026-03-30 18:19:31,2026-03-30 18:19:31,2026-03-30 18:19:31
2026-03-30 18:19:32,2026-03-30 18:19:32,2026-03-30 18:19:32,2026-03-30 18:19:32
2026-03-30 18:19:33,2026-03-30 18:19:33,2026-03-30 18:19:33,2026-03-30 18:19:33
2026-03-30 18:19:34,2026-03-30 18:19:34,2026-03-30 18:19:34,2026-03-30 18:19:34
2026-03-30 18:19:35,2026-03-30 18:19:35,2026-03-30 18:19:35,2026-03-30 18:19:35
2026-03-30 18:19:36,2026-03-30 18:19:36,2026-03-30 18:19:36,2026-03-30 18:19:36
2026-03-30 18:19:37,2026-03-30 18:19:37,2026-03-30 18:19:37,2026-03-30 18:19:37
2026-03-30 18:19:38,2026-03-30 18:19:38,2026-03-30 18:19:38,2026-03-30 18:19:38
2026-03-30 18:19:39,2026-03-30 18:19:39,2026-03-30 18:19:39,2026-03-30 18:19:39
2026-03-30 18:19:40,2026-03-30 18:19:40,2026-03-30 18:19:40,2026-03-30 18:19:40
2026-03-30 18:19:41,2026-03-30 18:19:41,2026-03-30 18:19:41,2026-03-30 18:19:41
2026-03-30 18:19:42,2026-03-30 18:19:42,2026-03-30 18:19:42,2026-03-30 18:19:42
2026-03-30 18:19:43,2026-03-30 18:19:43,2026-03-30 18:19:43,2026-03-30 18:19:43
2026-03-30 18:19:44,2026-03-30 18:19:44,2026-03-30 18:19:44,2026-03-30 18:19:44
2026-03-30 18:19:45,2026-03-30 18:19:45,2026-03-30 18:19:45,2026-03-30 18:19:45
2026-03-30 18:19:46,2026-03-30 18:19:46,2026-03-30 18:19:46,2026-03-30 18:19:46
2026-03-30 18:19:47,2026-03-30 18:19:47,2026-03-30 18:19:47,2026-03-30 18:19:47
2026-03-30 18:19:48,2026-03-30 18:19:48,2026-03-30 18:19:48,2026-03-30 18:19:48
2026-03-30 18:19:49,2026-03-30 18:19:49,2026-03-30 18:19:49,2026-03-30 18:19:49
2026-03-30 18:19:50,2026-03-30 18:19:50,2026-03-30 18:19:50,2026-03-30 18:19:50
2026-03-30 18:19:51,2026-03-30 18:19:51,2026-03-30 18:19:51,2026-03-30 18:19:51
2026-03-30 18:19:52,2026-03-30 18:19:52,2026-03-30 18:19:52,2026-03-30 18:19:52
2026-03-30 18:19:53,2026-03-30 18:19:53,2026-03-30 18:19:53,2026-03-30 18:19:53
2026-03-30 18:19:54,2026-03-30 18:19:54,2026-03-30 18:19:54,2026-03-30 18:19:54
2026-03-30 18:19:55,2026-03-30 18:19:55,2026-03-30 18:19:55,2026-03-30 18:19:55
2026-03-30 18:19:56,2026-03-30 18:19:56,2026-03-30 18:19:56,2026-03-30 18:19:56
2026-03-30 18:19:57,2026-03-30 18:19:57,2026-03-30 18:19:57,2026-03-30 18:19:57
2026-03-30 18:19:58,2026-03-30 18:19:58,2026-03-30 18:19:58,2026-03-30 18:19:58
2026-03-30 18:19:59,2026-03-30 18:19:59,2026-03-30 18:19:59,2026-03-30 18:19:59
2026-03-30 18:20:00,2026-03-30 18:20:00,2026-03-30 18:20:00,2026-03-30 18:20:00
2026-03-30 18:20:01,2026-03-30 18:20:01,2026-03-30 18:20:01,2026-03-30 18:20:01
2026-03-30 18:20:02,2026-03-30 18:20:02,2026-03-30 18:20:02,2026-03-30 18:20:02
2026-03-30 18:20:03,2026-03-30 18:20:03,2026-03-30 18:20:03,2026-03-30 18:20:03
2026-03-30 18:20:04,2026-03-30 18:20:04,2026-03-30 18:20:04,2026-03-30 18:20:04
2026-03-30 18:20:05,2026-03-30 18:20:05,2026-03-30 18:20:05,2026-03-30 18:20:05
2026-03-30 18:20:06,2026-03-30 18:20:06,2026-03-30 18:20:06,2026-03-30 18:20:06
2026-03-30 18:20:07,2026-03-30 18:20:07,2026-03-30 18:20:07,2026-03-30 18:20:07
2026-03-30 18:20:08,2026-03-30 18:20:08,2026-03-30 18:20:08,2026-03-30 18:20:08
2026-03-30 18:20:09,2026-03-30 18:20:09,2026-03-30 18:20:09,2026-03-30 18:20:09
2026-03-30 18:20:10,2026-03-30 18:20:10,2026-03-30 18:20:10,2026-03-30 18:20:10
2026-03-30 18:20:11,2026-03-30 18:20:11,2026-03-30 18:20:11,2026-03-30 18:20:11
2026-03-30 18:20:12,2026-03-30 18:20:12,2026-03-30 18:20:12,2026-03-30 18:20:12
2026-03-30 18:20:13,2026-03-30 18:20:13,2026-03-30 18:20:13,2026-03-30 18:20:13
2026-03-30 18:20:14,2026-03-30 18:20:14,2026-03-30 18:20:14,2026-03-30 18:20:14
2026-03-30 18:20:15,2026-03-30 18:20:15,2026-03-30 18:20:15,2026-03-30 18:20:15
2026-03-30 18:20:16,2026-03-30 18:20:16,2026-03-30 18:20:16,2026-03-30 18:20:16
2026-03-30 18:20:17,2026-03-30 18:20:17,2026-03-30 18:20:17,2026-03-30 18:20:17
2026-03-30 18:20:18,2026-03-30 18:20:18,2026-03-30 18:20:18,2026-03-30 18:20:18
2026-03-30 18:20:19,2026-03-30 18:20:19,2026-03-30 18:20:19,2026-03-30 18:20:19
2026-03-30 18:20:20,2026-03-30 18:20:20,2026-03-30 18:20:20,2026-03-30 18:20:20
2026-03-30 18:20:21,2026-03-30 18:20:21,2026-03-30 18:20:21,2026-03-30 18:20:21
2026-03-30 18:20:22,2026-03-30 18:20:22,2026-03-30 18:20:22,2026-03-30 18:20:22
2026-03-30 18:20:23,2026-03-30 18:20:23,2026-03-30 18:20:23,2026-03-30 18:20:23
2026-03-30 18:20:24,2026-03-30 18:20:24,2026-03-30 18:20:24,2026-03-30 18:20:24
2026-03-30 18:20:25,2026-03-30 18:20:25,2026-03-30 18:20:25,2026-03-30 18:20:25
2026-03-30 18:20:26,2026-03-30 18:20:26,2026-03-30 18:20:26,2026-03-30 18:20:26
2026-03-30 18:20:27,2026-03-30 18:20:27,2026-03-30 18:20:27,2026-03-30 18:20:27
2026-03-30 18:20:28,2026-03-30 18:20:28,2026-03-30 18:20:28,2026-03-30 18:20:28
2026-03-30 18:20:29,2026-03-30 18:20:29,2026-03-30 18:20:29,2026-03-30 18:20:29
2026-03-30 18:20:30,2026-03-30 18:20:30,2026-03-30 18:20:30,2026-03-30 18:20:30
2026-03-30 18:20:31,2026-03-30 18:20:31,2026-03-30 18:20:31,2026-03-30 18:20:31
2026-03-30 18:20:32,2026-03-30 18:20:32,2026-03-30 18:20:32,2026-03-30 18:20:32
2026-03-30 18:20:33,2026-03-30 18:20:33,2026-03-30 18:20:33,2026-03-30 18:20:33
2026-03-30 18:20:34,2026-03-30 18:20:34,2026-03-30 18:20:34,2026-03-30 18:20:34
2026-03-30 18:20:35,2026-03-30 18:20:35,2026-03-30 18:20:35,2026-03-30 18:20:35
2026-03-30 18:20:36,2026-03-30 18:20:36,2026-03-30 18:20:36,2026-03-30 18:20:36
2026-03-30 18:20:37,2026-03-30 18:20:37,2026-03-30 18:20:37,2026-03-30 18:20:37
2026-03-30 18:20:38,2026-03-30 18:20:38,2026-03-30 18:20:38,2026-03-30 18:20:38
2026-03-30 18:20:39,2026-03-30 18:20:39,2026-03-30 18:20:39,2026-03-30 18:20:39
2026-03-30 18:20:40,2026-03-30 18:20:40,2026-03-30 18:20:40,2026-03-30 18:20:40
2026-03-30 18:20:41,2026-03-30 18:20:41,2026-03-30 18:20:41,2026-03-30 18:20:41
2026-03-30 18:20:42,2026-03-30 18:20:42,2026-03-30 18:20:42,2026-03-30 18:20:42
2026-03-30 18:20:43,2026-03-30 18:20:43,2026-03-30 18:20:43,2026-03-30 18:20:43
2026-03-30 18:20:44,2026-03-30 18:20:44,2026-03-30 18:20:44,2026-03-30 18:20:44
2026-03-30 18:20:45,2026-03-30 18:20:45,2026-03-30 18:20:45,2026-03-30 18:20:45
2026-03-30 18:20:46,2026-03-30 18:20:46,2026-03-30 18:20:46,2026-03-30 18:20:46
2026-03-30 18:20:47,2026-03-30 18:20:47,2026-03-30 18:20:47,2026-03-30 18:20:47
2026-03-30 18:20:48,2026-03-30 18:20:48,2026-03-30 18:20:48,2026-03-30 18:20:48
2026-03-30 18:20:49,2026-03-30 18:20:49,2026-03-30 18:20:49,2026-03-30 18:20:49
2026-03-30 18:20:50,2026-03-30 18:20:50,2026-03-30 18:20:50,2026-03-30 18:20:50
2026-03-30 18:20:51,2026-03-30 18:20:51,2026-03-30 18:20:51,2026-03-30 18:20:51
2026-03-30 18:20:52,2026-03-30 18:20:52,2026-03-30 18:20:52,2026-03-30 18:20:52
2026-03-30 18:20:53,2026-03-30 18:20:53,2026-03-30 18:20:53,2026-03-30 18:20:53
2026-03-30 18:20:54,2026-03-30 18:20:54,2026-03-30 18:20:54,2026-03-30 18:20:54
2026-03-30 18:20:55,2026-03-30 18:20:55,2026-03-30 18:20:55,2026-03-30 18:20:55
2026-03-30 18:20:56,2026-03-30 18:20:56,2026-03-30 18:20:56,2026-03-30 18:20:56
2026-03-30 18:20:57,2026-03-30 18:20:57,2026-03-30 18:20:57,2026-03-30 18:20:57
2026-03-30 18:20:58,2026-03-30 18:20:58,2026-03-30 18:20:58,2026-03-30 18:20:58
2026-03-30 18:20:59,2026-03-30 18:20:59,2026-03-30 18:20:59,2026-03-30 18:20:59
2026-03-30 18:21:00,2026-03-30 18:21:00,2026-03-30 18:21:00,2026-03-30 18:21:00
2026-03-30 18:21:01,2026-03-30 18:21:01,2026-03-30 18:21:01,2026-03-30 18:21:01
2026-03-30 18:21:02,2026-03-30 18:21:02,2026-03-30 18:21:02,2026-03-30 18:21:02
2026-03-30 18:21:03,2026-03-30 18:21:03,2026-03-30 18:21:03,2026-03-30 18:21:03
2026-03-30 18:21:04,2026-03-30 18:21:04,2026-03-30 18:21:04,2026-03-30 18:21:04
2026-03-30 18:21:05,2026-03-30 18:21:05,2026-03-30 18:21:05,2026-03-30 18:21:05
2026-03-30 18:21:06,2026-03-30 18:21:06,2026-03-30 18:21:06,2026-03-30 18:21:06
2026-03-30 18:21:07,2026-03-30 18:21:07,2026-03-30 18:21:07,2026-03-30 18:21:07
2026-03-30 18:21:08,2026-03-30 18:21:08,2026-03-30 18:21:08,2026-03-30 18:21:08
2026-03-30 18:21:09,2026-03-30 18:21:09,2026-03-30 18:21:09,2026-03-30 18:21:09
2026-03-30 18:21:10,2026-03-30 18:21:10,2026-03-30 18:21:10,2026-03-30 18:21:10
2026-03-30 18:21:11,2026-03-30 18:21:11,2026-03-30 18:21:11,2026-03-30 18:21:11
2026-03-30 18:21:12,2026-03-30 18:21:12,2026-03-30 18:21:12,2026-03-30 18:21:12
2026-03-30 18:21:13,2026-03-30 18:21:13,2026-03-30 18:21:13,2026-03-30 18:21:13
2026-03-30 18:21:14,2026-03-30 18:21:14,2026-03-30 18:21:14,2026-03-30 18:21:14
2026-03-30 18:21:15,2026-03-30 18:21:15,2026-03-30 18:21:15,2026-03-30 18:21:15
2026-03-30 18:21:16,2026-03-30 18:21:16,2026-03-30 18:21:16,2026-03-30 18:21:16
2026-03-30 18:21:17,2026-03-30 18:21:17,2026-03-30 18:21:17,2026-03-30 18:21:17
2026-03-30 18:21:18,2026-03-30 18:21:18,2026-03-30 18:21:18,2026-03-30 18:21:18
2026-03-30 18:21:19,2026-03-30 18:21:19,2026-03-30 18:21:19,2026-03-30 18:21:19
2026-03-30 18:21:20,2026-03-30 18:21:20,2026-03-30 18:21:20,2026-03-30 18:21:20
2026-03-30 18:21:21,2026-03-30 18:21:21,2026-03-30 18:21:21,2026-03-30 18:21:21
2026-03-30 18:21:22,2026-03-30 18:21:22,2026-03-30 18:21:22,2026-03-30 18:21:22
2026-03-30 18:21:23,2026-03-30 18:21:23,2026-03-30 18:21:23,2026-03-30 18:21:23
2026-03-30 18:21:24,2026-03-30 18:21:24,2026-03-30 18:21:24,2026-03-30 18:21:24
2026-03-30 18:21:25,2026-03-30 18:21:25,2026-03-30 18:21:25,2026-03-30 18:21:25
2026-03-30 18:21:26,2026-03-30 18:21:26,2026-03-30 18:21:26,2026-03-30 18:21:26
2026-03-30 18:21:27,2026-03-30 18:21:27,2026-03-30 18:21:27,2026-03-30 18:21:27
2026-03-30 18:21:28,2026-03-30 18:21:28,2026-03-30 18:21:28,2026-03-30 18:21:28
2026-03-30 18:21:29,2026-03-30 18:21:29,2026-03-30 18:21:29,2026-03-30 18:21:29
2026-03-30 18:21:30,2026-03-30 18:21:30,2026-03-30 18:21:30,2026-03-30 18:21:30
2026-03-30 18:21:31,2026-03-30 18:21:31,2026-03-30 18:21:31,2026-03-30 18:21:31
2026-03-30 18:21:32,2026-03-30 18:21:32,2026-03-30 18:21:32,2026-03-30 18:21:32
2026-03-30 18:21:33,2026-03-30 18:21:33,2026-03-30 18:21:33,2026-03-30 18:21:33
2026-03-30 18:21:34,2026-03-30 18:21:34,2026-03-30 18:21:34,2026-03-30 18:21:34
2026-03-30 18:21:35,2026-03-30 18:21:35,2026-03-30 18:21:35,2026-03-30 18:21:35
2026-03-30 18:21:36,2026-03-30 18:21:36,2026-03-30 18:21:36,2026-03-30 18:21:36
2026-03-30 18:21:37,2026-03-30 18:21:37,2026-03-30 18:21:37,2026-03-30 18:21:37
2026-03-30 18:21:38,2026-03-30 18:21:38,2026-03-30 18:21:38,2026-03-30 18:21:38
2026-03-30 18:21:39,2026-03-30 18:21:39,2026-03-30 18:21:39,2026-03-30 18:21:39
2026-03-30 18:21:40,2026-03-30 18:21:40,2026-03-30 18:21:40,2026-03-30 18:21:40
2026-03-30 18:21:41,2026-03-30 18:21:41,2026-03-30 18:21:41,2026-03-30 18:21:41
2026-03-30 18:21:42,2026-03-30 18:21:42,2026-03-30 18:21:42,2026-03-30 18:21:42
2026-03-30 18:21:43,2026-03-30 18:21:43,2026-03-30 18:21:43,2026-03-30 18:21:43
2026-03-30 18:21:44,2026-03-30 18:21:44,2026-03-30 18:21:44,2026-03-30 18:21:44
2026-03-30 18:21:45,2026-03-30 18:21:45,2026-03-30 18:21:45,2026-03-30 18:21:45
2026-03-30 18:21:46,2026-03-30 18:21:46,2026-03-30 18:21:46,2026-03-30 18:21:46
2026-03-30 18:21:47,2026-03-30 18:21:47,2026-03-30 18:21:47,2026-03-30 18:21:47
2026-03-30 18:21:48,2026-03-30 18:21:48,2026-03-30 18:21:48,2026-03-30 18:21:48
2026-03-30 18:21:49,2026-03-30 18:21:49,2026-03-30 18:21:49,2026-03-30 18:21:49
2026-03-30 18:21:50,2026-03-30 18:21:50,2026-03-30 18:21:50,2026-03-30 18:21:50
2026-03-30 18:21:51,2026-03-30 18:21:51,2026-03-30 18:21:51,2026-03-30 18:21:51
2026-03-30 18:21:52,2026-03-30 18:21:52,2026-03-30 18:21:52,2026-03-30 18:21:52
2026-03-30 18:21:53,2026-03-30 18:21:53,2026-03-30 18:21:53,2026-03-30 18:21:53
2026-03-30 18:21:54,2026-03-30 18:21:54,2026-03-30 18:21:54,2026-03-30 18:21:54
2026-03-30 18:21:55,2026-03-30 18:21:55,2026-03-30 18:21:55,2026-03-30 18:21:55
2026-03-30 18:21:56,2026-03-30 18:21:56,2026-03-30 18:21:56,2026-03-30 18:21:56
2026-03-30 18:21:57,2026-03-30 18:21:57,2026-03-30 18:21:57,2026-03-30 18:21:57
2026-03-30 18:21:58,2026-03-30 18:21:58,2026-03-30 18:21:58,2026-03-30 18:21:58
2026-03-30 18:21:59,2026-03-30 18:21:59,2026-03-30 18:21:59,2026-03-30 18:21:59
2026-03-30 18:22:00,2026-03-30 18:22:00,2026-03-30 18:22:00,2026-03-30 18:22:00
2026-03-30 18:22:01,2026-03-30 18:22:01,2026-03-30 18:22:01,2026-03-30 18:22:01
2026-03-30 18:22:02,2026-03-30 18:22:02,2026-03-30 18:22:02,2026-03-30 18:22:02
2026-03-30 18:22:03,2026-03-30 18:22:03,2026-03-30 18:22:03,2026-03-30 18:22:03
2026-03-30 18:22:04,2026-03-30 18:22:04,2026-03-30 18:22:04,2026-03-30 18:22:04
2026-03-30 18:22:05,2026-03-30 18:22:05,2026-03-30 18:22:05,2026-03-30 18:22:05
2026-03-30 18:22:06,2026-03-30 18:22:06,2026-03-30 18:22:06,2026-03-30 18:22:06
2026-03-30 18:22:07,2026-03-30 18:22:07,2026-03-30 18:22:07,2026-03-30 18:22:07
2026-03-30 18:22:08,2026-03-30 18:22:08,2026-03-30 18:22:08,2026-03-30 18:22:08
2026-03-30 18:22:09,2026-03-30 18:22:09,2026-03-30 18:22:09,2026-03-30 18:22:09
2026-03-30 18:22:10,2026-03-30 18:22:10,2026-03-30 18:22:10,2026-03-30 18:22:10
2026-03-30 18:22:11,2026-03-30 18:22:11,2026-03-30 18:22:11,2026-03-30 18:22:11
2026-03-30 18:22:12,2026-03-30 18:22:12,2026-03-30 18:22:12,2026-03-30 18:22:12
2026-03-30 18:22:13,2026-03-30 18:22:13,2026-03-30 18:22:13,2026-03-30 18:22:13
2026-03-30 18:22:14,2026-03-30 18:22:14,2026-03-30 18:22:14,2026-03-30 18:22:14
2026-03-30 18:22:15,2026-03-30 18:22:15,2026-03-30 18:22:15,2026-03-30 18:22:15
2026-03-30 18:22:16,2026-03-30 18:22:16,2026-03-30 18:22:16,2026-03-30 18:22:16
2026-03-30 18:22:17,2026-03-30 18:22:17,2026-03-30 18:22:17,2026-03-30 18:22:17
2026-03-30 18:22:18,2026-03-30 18:22:18,2026-03-30 18:22:18,2026-03-30 18:22:18
2026-03-30 18:22:19,2026-03-30 18:22:19,2026-03-30 18:22:19,2026-03-30 18:22:19
2026-03-30 18:22:20,2026-03-30 18:22:20,2026-03-30 18:22:20,2026-03-30 18:22:20
2026-03-30 18:22:21,2026-03-30 18:22:21,2026-03-30 18:22:21,2026-03-30 18:22:21
2026-03-30 18:22:22,2026-03-30 18:22:22,2026-03-30 18:22:22,2026-03-30 18:22:22
2026-03-30 18:22:23,2026-03-30 18:22:23,2026-03-30 18:22:23,2026-03-30 18:22:23
2026-03-30 18:22:24,2026-03-30 18:22:24,2026-03-30 18:22:24,2026-03-30 18:22:24
2026-03-30 18:22:25,2026-03-30 18:22:25,2026-03-30 18:22:25,2026-03-30 18:22:25
2026-03-30 18:22:26,2026-03-30 18:22:26,2026-03-30 18:22:26,2026-03-30 18:22:26
2026-03-30 18:22:27,2026-03-30 18:22:27,2026-03-30 18:22:27,2026-03-30 18:22:27
2026-03-30 18:22:28,2026-03-30 18:22:28,2026-03-30 18:22:28,2026-03-30 18:22:28
2026-03-30 18:22:29,2026-03-30 18:22:29,2026-03-30 18:22:29,2026-03-30 18:22:29
2026-03-30 18:22:30,2026-03-30 18:22:30,2026-03-30 18:22:30,2026-03-30 18:22:30
2026-03-30 18:22:31,2026-03-30 18:22:31,2026-03-30 18:22:31,2026-03-30 18:22:31
2026-03-30 18:22:32,2026-03-30 18:22:32,2026-03-30 18:22:32,2026-03-30 18:22:32
2026-03-30 18:22:33,2026-03-30 18:22:33,2026-03-30 18:22:33,2026-03-30 18:22:33
2026-03-30 18:22:34,2026-03-30 18:22:34,2026-03-30 18:22:34,2026-03-30 18:22:34
2026-03-30 18:22:35,2026-03-30 18:22:35,2026-03-30 18:22:35,2026-03-30 18:22:35
2026-03-30 18:22:36,2026-03-30 18:22:36,2026-03-30 18:22:36,2026-03-30 18:22:36
2026-03-30 18:22:37,2026-03-30 18:22:37,2026-03-30 18:22:37,2026-03-30 18:22:37
2026-03-30 18:22:38,2026-03-30 18:22:38,2026-03-30 18:22:38,2026-03-30 18:22:38
2026-03-30 18:22:39,2026-03-30 18:22:39,2026-03-30 18:22:39,2026-03-30 18:22:39
2026-03-30 18:22:40,2026-03-30 18:22:40,2026-03-30 18:22:40,2026-03-30 18:22:40
2026-03-30 18:22:41,2026-03-30 18:22:41,2026-03-30 18:22:41,2026-03-30 18:22:41
2026-03-30 18:22:42,2026-03-30 18:22:42,2026-03-30 18:22:42,2026-03-30 18:22:42
2026-03-30 18:22:43,2026-03-30 18:22:43,2026-03-30 18:22:43,2026-03-30 18:22:43
2026-03-30 18:22:44,2026-03-30 18:22:44,2026-03-30 18:22:44,2026-03-30 18:22:44
2026-03-30 18:22:45,2026-03-30 18:22:45,2026-03-30 18:22:45,2026-03-30 18:22:45
2026-03-30 18:22:46,2026-03-30 18:22:46,2026-03-30 18:22:46,2026-03-30 18:22:46
2026-03-30 18:22:47,2026-03-30 18:22:47,2026-03-30 18:22:47,2026-03-30 18:22:47
2026-03-30 18:22:48,2026-03-30 18:22:48,2026-03-30 18:22:48,2026-03-30 18:22:48
2026-03-30 18:22:49,2026-03-30 18:22:49,2026-03-30 18:22:49,2026-03-30 18:22:49
2026-03-30 18:22:50,2026-03-30 18:22:50,2026-03-30 18:22:50,2026-03-30 18:22:50
2026-03-30 18:22:51,2026-03-30 18:22:51,2026-03-30 18:22:51,2026-03-30 18:22:51
2026-03-30 18:22:52,2026-03-30 18:22:52,2026-03-30 18:22:52,2026-03-30 18:22:52
2026-03-30 18:22:53,2026-03-30 18:22:53,2026-03-30 18:22:53,2026-03-30 18:22:53
2026-03-30 18:22:54,2026-03-30 18:22:54,2026-03-30 18:22:54,2026-03-30 18:22:54
2026-03-30 18:22:55,2026-03-30 18:22:55,2026-03-30 18:22:55,2026-03-30 18:22:55
2026-03-30 18:22:56,2026-03-30 18:22:56,2026-03-30 18:22:56,2026-03-30 18:22:56
2026-03-30 18:22:57,2026-03-30 18:22:57,2026-03-30 18:22:57,2026-03-30 18:22:57
2026-03-30 18:22:58,2026-03-30 18:22:58,2026-03-30 18:22:58,2026-03-30 18:22:58
2026-03-30 18:22:59,2026-03-30 18:22:59,2026-03-30 18:22:59,2026-03-30 18:22:59
2026-03-30 18:23:00,2026-03-30 18:23:00,2026-03-30 18:23:00,2026-03-30 18:23:00
2026-03-30 18:23:01,2026-03-30 18:23:01,2026-03-30 18:23:01,2026-03-30 18:23:01
2026-03-30 18:23:02,2026-03-30 18:23:02,2026-03-30 18:23:02,2026-03-30 18:23:02
2026-03-30 18:23:03,2026-03-30 18:23:03,2026-03-30 18:23:03,2026-03-30 18:23:03
2026-03-30 18:23:04,2026-03-30 18:23:04,2026-03-30 18:23:04,2026-03-30 18:23:04
2026-03-30 18:23:05,2026-03-30 18:23:05,2026-03-30 18:23:05,2026-03-30 18:23:05
2026-03-30 18:23:06,2026-03-30 18:23:06,2026-03-30 18:23:06,2026-03-30 18:23:06
2026-03-30 18:23:07,2026-03-30 18:23:07,2026-03-30 18:23:07,2026-03-30 18:23:07
2026-03-30 18:23:08,2026-03-30 18:23:08,2026-03-30 18:23:08,2026-03-30 18:23:08
2026-03-30 18:23:09,2026-03-30 18:23:09,2026-03-30 18:23:09,2026-03-30 18:23:09
2026-03-30 18:23:10,2026-03-30 18:23:10,2026-03-30 18:23:10,2026-03-30 18:23:10
2026-03-30 18:23:11,2026-03-30 18:23:11,2026-03-30 18:23:11,2026-03-30 18:23:11
2026-03-30 18:23:12,2026-03-30 18:23:12,2026-03-30 18:23:12,2026-03-30 18:23:12
2026-03-30 18:23:13,2026-03-30 18:23:13,2026-03-30 18:23:13,2026-03-30 18:23:13
2026-03-30 18:23:14,2026-03-30 18:23:14,2026-03-30 18:23:14,2026-03-30 18:23:14
2026-03-30 18:23:15,2026-03-30 18:23:15,2026-03-30 18:23:15,2026-03-30 18:23:15
2026-03-30 18:23:16,2026-03-30 18:23:16,2026-03-30 18:23:16,2026-03-30 18:23:16
2026-03-30 18:23:17,2026-03-30 18:23:17,2026-03-30 18:23:17,2026-03-30 18:23:17
2026-03-30 18:23:18,2026-03-30 18:23:18,2026-03-30 18:23:18,2026-03-30 18:23:18
2026-03-30 18:23:19,2026-03-30 18:23:19,2026-03-30 18:23:19,2026-03-30 18:23:19
2026-03-30 18:23:20,2026-03-30 18:23:20,2026-03-30 18:23:20,2026-03-30 18:23:20
2026-03-30 18:23:21,2026-03-30 18:23:21,2026-03-30 18:23:21,2026-03-30 18:23:21
2026-03-30 18:23:22,2026-03-30 18:23:22,2026-03-30 18:23:22,2026-03-30 18:23:22
2026-03-30 18:23:23,2026-03-30 18:23:23,2026-03-30 18:23:23,2026-03-30 18:23:23
2026-03-30 18:23:24,2026-03-30 18:23:24,2026-03-30 18:23:24,2026-03-30 18:23:24
2026-03-30 18:23:25,2026-03-30 18:23:25,2026-03-30 18:23:25,2026-03-30 18:23:25
2026-03-30 18:23:26,2026-03-30 18:23:26,2026-03-30 18:23:26,2026-03-30 18:23:26
2026-03-30 18:23:27,2026-03-30 18:23:27,2026-03-30 18:23:27,2026-03-30 18:23:27
2026-03-30 18:23:28,2026-03-30 18:23:28,2026-03-30 18:23:28,2026-03-30 18:23:28
2026-03-30 18:23:29,2026-03-30 18:23:29,2026-03-30 18:23:29,2026-03-30 18:23:29
2026-03-30 18:23:30,2026-03-30 18:23:30,2026-03-30 18:23:30,2026-03-30 18:23:30
2026-03-30 18:23:31,2026-03-30 18:23:31,2026-03-30 18:23:31,2026-03-30 18:23:31
2026-03-30 18:23:32,2026-03-30 18:23:32,2026-03-30 18:23:32,2026-03-30 18:23:32
2026-03-30 18:23:33,2026-03-30 18:23:33,2026-03-30 18:23:33,2026-03-30 18:23:33
2026-03-30 18:23:34,2026-03-30 18:23:34,2026-03-30 18:23:34,2026-03-30 18:23:34
2026-03-30 18:23:35,2026-03-30 18:23:35,2026-03-30 18:23:35,2026-03-30 18:23:35
2026-03-30 18:23:36,2026-03-30 18:23:36,2026-03-30 18:23:36,2026-03-30 18:23:36
2026-03-30 18:23:37,2026-03-30 18:23:37,2026-03-30 18:23:37,2026-03-30 18:23:37
2026-03-30 18:23:38,2026-03-30 18:23:38,2026-03-30 18:23:38,2026-03-30 18:23:38
2026-03-30 18:23:39,2026-03-30 18:23:39,2026-03-30 18:23:39,2026-03-30 18:23:39
2026-03-30 18:23:40,2026-03-30 18:23:40,2026-03-30 18:23:40,2026-03-30 18:23:40
2026-03-30 18:23:41,2026-03-30 18:23:41,2026-03-30 18:23:41,2026-03-30 18:23:41
2026-03-30 18:23:42,2026-03-30 18:23:42,2026-03-30 18:23:42,2026-03-30 18:23:42
2026-03-30 18:23:43,2026-03-30 18:23:43,2026-03-30 18:23:43,2026-03-30 18:23:43
2026-03-30 18:23:44,2026-03-30 18:23:44,2026-03-30 18:23:44,2026-03-30 18:23:44
2026-03-30 18:23:45,2026-03-30 18:23:45,2026-03-30 18:23:45,2026-03-30 18:23:45
2026-03-30 18:23:46,2026-03-30 18:23:46,2026-03-30 18:23:46,2026-03-30 18:23:46
2026-03-30 18:23:47,2026-03-30 18:23:47,2026-03-30 18:23:47,2026-03-30 18:23:47
2026-03-30 18:23:48,2026-03-30 18:23:48,2026-03-30 18:23:48,2026-03-30 18:23:48
2026-03-30 18:23:49,2026-03-30 18:23:49,2026-03-30 18:23:49,2026-03-30 18:23:49
2026-03-30 18:23:50,2026-03-30 18:23:50,2026-03-30 18:23:50,2026-03-30 18:23:50
2026-03-30 18:23:51,2026-03-30 18:23:51,2026-03-30 18:23:51,2026-03-30 18:23:51
2026-03-30 18:23:52,2026-03-30 18:23:52,2026-03-30 18:23:52,2026-03-30 18:23:52
2026-03-30 18:23:53,2026-03-30 18:23:53,2026-03-30 18:23:53,2026-03-30 18:23:53
2026-03-30 18:23:54,2026-03-30 18:23:54,2026-03-30 18:23:54,2026-03-30 18:23:54
2026-03-30 18:23:55,2026-03-30 18:23:55,2026-03-30 18:23:55,2026-03-30 18:23:55
2026-03-30 18:23:56,2026-03-30 18:23:56,2026-03-30 18:23:56,2026-03-30 18:23:56
2026-03-30 18:23:57,2026-03-30 18:23:57,2026-03-30 18:23:57,2026-03-30 18:23:57
2026-03-30 18:23:58,2026-03-30 18:23:58,2026-03-30 18:23:58,2026-03-30 18:23:58
2026-03-30 18:23:59,2026-03-30 18:23:59,2026-03-30 18:23:59,2026-03-30 18:23:59
2026-03-30 18:24:00,2026-03-30 18:24:00,2026-03-30 18:24:00,2026-03-30 18:24:00
2026-03-30 18:24:01,2026-03-30 18:24:01,2026-03-30 18:24:01,2026-03-30 18:24:01
2026-03-30 18:24:02,2026-03-30 18:24:02,2026-03-30 18:24:02,2026-03-30 18:24:02
2026-03-30 18:24:03,2026-03-30 18:24:03,2026-03-30 18:24:03,2026-03-30 18:24:03
2026-03-30 18:24:04,2026-03-30 18:24:04,2026-03-30 18:24:04,2026-03-30 18:24:04
2026-03-30 18:24:05,2026-03-30 18:24:05,2026-03-30 18:24:05,2026-03-30 18:24:05
2026-03-30 18:24:06,2026-03-30 18:24:06,2026-03-30 18:24:06,2026-03-30 18:24:06
2026-03-30 18:24:07,2026-03-30 18:24:07,2026-03-30 18:24:07,2026-03-30 18:24:07
2026-03-30 18:24:08,2026-03-30 18:24:08,2026-03-30 18:24:08,2026-03-30 18:24:08
2026-03-30 18:24:09,2026-03-30 18:24:09,2026-03-30 18:24:09,2026-03-30 18:24:09
2026-03-30 18:24:10,2026-03-30 18:24:10,2026-03-30 18:24:10,2026-03-30 18:24:10
2026-03-30 18:24:11,2026-03-30 18:24:11,2026-03-30 18:24:11,2026-03-30 18:24:11
2026-03-30 18:24:12,2026-03-30 18:24:12,2026-03-30 18:24:12,2026-03-30 18:24:12
2026-03-30 18:24:13,2026-03-30 18:24:13,2026-03-30 18:24:13,2026-03-30 18:24:13
2026-03-30 18:24:14,2026-03-30 18:24:14,2026-03-30 18:24:14,2026-03-30 18:24:14
2026-03-30 18:24:15,2026-03-30 18:24:15,2026-03-30 18:24:15,2026-03-30 18:24:15
2026-03-30 18:24:16,2026-03-30 18:24:16,2026-03-30 18:24:16,2026-03-30 18:24:16
2026-03-30 18:24:17,2026-03-30 18:24:17,2026-03-30 18:24:17,2026-03-30 18:24:17
2026-03-30 18:24:18,2026-03-30 18:24:18,2026-03-30 18:24:18,2026-03-30 18:24:18
2026-03-30 18:24:19,2026-03-30 18:24:19,2026-03-30 18:24:19,2026-03-30 18:24:19
2026-03-30 18:24:20,2026-03-30 18:24:20,2026-03-30 18:24:20,2026-03-30 18:24:20
2026-03-30 18:24:21,2026-03-30 18:24:21,2026-03-30 18:24:21,2026-03-30 18:24:21
2026-03-30 18:24:22,2026-03-30 18:24:22,2026-03-30 18:24:22,2026-03-30 18:24:22
2026-03-30 18:24:23,2026-03-30 18:24:23,2026-03-30 18:24:23,2026-03-30 18:24:23
2026-03-30 18:24:24,2026-03-30 18:24:24,2026-03-30 18:24:24,2026-03-30 18:24:24
2026-03-30 13:00:00,2026-03-30 13:00:00,2026-03-30 13:00:00,2026-03-30 13:00:00
2026-03-30 13:00:10,2026-03-30 13:00:10,2026-03-30 13:00:10,2026-03-30 13:00:10
2026-03-30 13:00:20,2026-03-30 13:00:20,2026-03-30 13:00:20,2026-03-30 13:00:20
2026-03-30 13:00:30,2026-03-30 13:00:30,2026-03-30 13:00:30,2026-03-30 13:00:30
2026-03-30 13:00:40,2026-03-30 13:00:40,2026-03-30 13:00:40,2026-03-30 13:00:40
2026-03-30 13:00:50,2026-03-30 13:00:50,2026-03-30 13:00:50,2026-03-30 13:00:50
2026-03-30 14:00:00,2026-03-30 14:00:00,2026-03-30 14:00:00,2026-03-30 14:00:00
2026-03-30 14:00:10,2026-03-30 14:00:10,2026-03-30 14:00:10,2026-03-30 14:00:10
2026-03-30 14:00:20,2026-03-30 14:00:20,2026-03-30 14:00:20,2026-03-30 14:00:20
2026-03-30 14:00:30,2026-03-30 14:00:30,2026-03-30 14:00:30,2026-03-30 14:00:30
2026-03-30 14:00:40,2026-03-30 14:00:40,2026-03-30 14:00:40,2026-03-30 14:00:40
2026-03-30 15:00:00,2026-03-30 15:00:00,2026-03-30 15:00:00,2026-03-30 15:00:00
2026-03-30 15:00:10,2026-03-30 15:00:10,2026-03-30 15:00:10,2026-03-30 15:00:10
2026-03-30 15:00:20,2026-03-30 15:00:20,2026-03-30 15:00:20,2026-03-30 15:00:20
2026-03-30 15:00:30,2026-03-30 15:00:30,2026-03-30 15:00:30,2026-03-30 15:00:30
2026-03-30 15:00:40,2026-03-30 15:00:40,2026-03-30 15:00:40,2026-03-30 15:00:40
